date,total_injured,total_killed
2012-07-01,256.0,0.0
2012-07-02,262.0,0.0
2012-07-03,334.0,0.0
2012-07-04,220.0,0.0
2012-07-05,220.0,0.0
2012-07-06,300.0,0.0
2012-07-07,212.0,0.0
2012-07-08,190.0,0.0
2012-07-09,226.0,0.0
2012-07-10,222.0,0.0
2012-07-11,244.0,0.0
2012-07-12,218.0,2.0
2012-07-13,280.0,0.0
2012-07-14,240.0,2.0
2012-07-15,216.0,0.0
2012-07-16,278.0,2.0
2012-07-17,270.0,0.0
2012-07-18,182.0,0.0
2012-07-19,220.0,0.0
2012-07-20,242.0,0.0
2012-07-21,220.0,0.0
2012-07-22,264.0,10.0
2012-07-23,228.0,0.0
2012-07-24,160.0,0.0
2012-07-25,280.0,0.0
2012-07-26,256.0,0.0
2012-07-27,254.0,0.0
2012-07-28,266.0,0.0
2012-07-29,160.0,0.0
2012-07-30,236.0,0.0
2012-07-31,204.0,0.0
2012-08-01,200.0,0.0
2012-08-02,240.0,0.0
2012-08-03,236.0,0.0
2012-08-04,212.0,0.0
2012-08-05,260.0,0.0
2012-08-06,214.0,0.0
2012-08-07,238.0,0.0
2012-08-08,222.0,2.0
2012-08-09,258.0,0.0
2012-08-10,270.0,0.0
2012-08-11,236.0,2.0
2012-08-12,234.0,0.0
2012-08-13,212.0,0.0
2012-08-14,224.0,0.0
2012-08-15,222.0,0.0
2012-08-16,234.0,0.0
2012-08-17,236.0,0.0
2012-08-18,214.0,0.0
2012-08-19,218.0,0.0
2012-08-20,214.0,0.0
2012-08-21,198.0,2.0
2012-08-22,234.0,0.0
2012-08-23,280.0,2.0
2012-08-24,228.0,0.0
2012-08-25,204.0,0.0
2012-08-26,220.0,0.0
2012-08-27,256.0,4.0
2012-08-28,208.0,0.0
2012-08-29,162.0,0.0
2012-08-30,274.0,0.0
2012-08-31,326.0,0.0
2012-09-01,216.0,0.0
2012-09-02,246.0,0.0
2012-09-03,204.0,0.0
2012-09-04,250.0,0.0
2012-09-05,256.0,2.0
2012-09-06,200.0,0.0
2012-09-07,292.0,0.0
2012-09-08,282.0,0.0
2012-09-09,210.0,0.0
2012-09-10,290.0,0.0
2012-09-11,186.0,0.0
2012-09-12,244.0,0.0
2012-09-13,278.0,0.0
2012-09-14,258.0,0.0
2012-09-15,240.0,2.0
2012-09-16,198.0,0.0
2012-09-17,156.0,2.0
2012-09-18,258.0,0.0
2012-09-19,236.0,0.0
2012-09-20,202.0,0.0
2012-09-21,326.0,0.0
2012-09-22,252.0,2.0
2012-09-23,226.0,0.0
2012-09-24,248.0,0.0
2012-09-25,286.0,0.0
2012-09-26,170.0,0.0
2012-09-27,234.0,0.0
2012-09-28,258.0,0.0
2012-09-29,196.0,0.0
2012-09-30,198.0,0.0
2012-10-01,246.0,0.0
2012-10-02,298.0,0.0
2012-10-03,188.0,0.0
2012-10-04,192.0,0.0
2012-10-05,282.0,0.0
2012-10-06,186.0,0.0
2012-10-07,292.0,0.0
2012-10-08,196.0,0.0
2012-10-09,230.0,2.0
2012-10-10,280.0,0.0
2012-10-11,232.0,0.0
2012-10-12,242.0,0.0
2012-10-13,224.0,0.0
2012-10-14,258.0,0.0
2012-10-15,231.0,0.0
2012-10-16,262.0,0.0
2012-10-17,241.0,0.0
2012-10-18,217.0,0.0
2012-10-19,289.0,0.0
2012-10-20,276.0,0.0
2012-10-21,184.0,0.0
2012-10-22,232.0,0.0
2012-10-23,190.0,0.0
2012-10-24,192.0,0.0
2012-10-25,252.0,0.0
2012-10-26,290.0,0.0
2012-10-27,228.0,2.0
2012-10-28,192.0,0.0
2012-10-29,104.0,0.0
2012-10-30,118.0,0.0
2012-10-31,184.0,0.0
2012-11-01,206.0,0.0
2012-11-02,128.0,0.0
2012-11-03,140.0,0.0
2012-11-04,132.0,0.0
2012-11-05,212.0,0.0
2012-11-06,192.0,0.0
2012-11-07,358.0,0.0
2012-11-08,158.0,0.0
2012-11-09,248.0,0.0
2012-11-10,170.0,0.0
2012-11-11,224.0,0.0
2012-11-12,200.0,0.0
2012-11-13,272.0,0.0
2012-11-14,202.0,2.0
2012-11-15,206.0,2.0
2012-11-16,212.0,0.0
2012-11-17,232.0,0.0
2012-11-18,178.0,2.0
2012-11-19,210.0,0.0
2012-11-20,280.0,2.0
2012-11-21,318.0,0.0
2012-11-22,164.0,0.0
2012-11-23,202.0,0.0
2012-11-24,204.0,0.0
2012-11-25,176.0,2.0
2012-11-26,258.0,0.0
2012-11-27,206.0,0.0
2012-11-28,180.0,0.0
2012-11-29,182.0,0.0
2012-11-30,198.0,0.0
2012-12-01,200.0,0.0
2012-12-02,184.0,0.0
2012-12-03,224.0,0.0
2012-12-04,272.0,0.0
2012-12-05,198.0,0.0
2012-12-06,232.0,0.0
2012-12-07,314.0,0.0
2012-12-08,278.0,2.0
2012-12-09,322.0,0.0
2012-12-10,242.0,0.0
2012-12-11,234.0,0.0
2012-12-12,228.0,0.0
2012-12-13,246.0,0.0
2012-12-14,248.0,0.0
2012-12-15,204.0,0.0
2012-12-16,262.0,4.0
2012-12-17,266.0,0.0
2012-12-18,222.0,0.0
2012-12-19,228.0,0.0
2012-12-20,244.0,0.0
2012-12-21,310.0,0.0
2012-12-22,194.0,0.0
2012-12-23,150.0,0.0
2012-12-24,238.0,2.0
2012-12-25,170.0,0.0
2012-12-26,222.0,0.0
2012-12-27,188.0,0.0
2012-12-28,208.0,2.0
2012-12-29,212.0,0.0
2012-12-30,208.0,0.0
2012-12-31,164.0,2.0
2013-01-01,248.0,0.0
2013-01-02,156.0,0.0
2013-01-03,206.0,0.0
2013-01-04,150.0,0.0
2013-01-05,188.0,8.0
2013-01-06,184.0,0.0
2013-01-07,236.0,0.0
2013-01-08,182.0,0.0
2013-01-09,180.0,0.0
2013-01-10,244.0,0.0
2013-01-11,320.0,0.0
2013-01-12,210.0,0.0
2013-01-13,174.0,0.0
2013-01-14,188.0,0.0
2013-01-15,162.0,0.0
2013-01-16,222.0,0.0
2013-01-17,218.0,0.0
2013-01-18,202.0,0.0
2013-01-19,168.0,0.0
2013-01-20,130.0,2.0
2013-01-21,140.0,0.0
2013-01-22,192.0,0.0
2013-01-23,152.0,0.0
2013-01-24,212.0,0.0
2013-01-25,246.0,0.0
2013-01-26,220.0,2.0
2013-01-27,204.0,0.0
2013-01-28,222.0,0.0
2013-01-29,226.0,0.0
2013-01-30,192.0,0.0
2013-01-31,192.0,0.0
2013-02-01,228.0,2.0
2013-02-02,226.0,0.0
2013-02-03,158.0,0.0
2013-02-04,184.0,0.0
2013-02-05,254.0,0.0
2013-02-06,206.0,2.0
2013-02-07,216.0,0.0
2013-02-08,226.0,0.0
2013-02-09,54.0,0.0
2013-02-10,100.0,0.0
2013-02-11,212.0,0.0
2013-02-12,168.0,0.0
2013-02-13,274.0,0.0
2013-02-14,204.0,0.0
2013-02-15,254.0,0.0
2013-02-16,184.0,0.0
2013-02-17,200.0,0.0
2013-02-18,138.0,0.0
2013-02-19,234.0,0.0
2013-02-20,140.0,0.0
2013-02-21,180.0,2.0
2013-02-22,194.0,0.0
2013-02-23,222.0,2.0
2013-02-24,170.0,2.0
2013-02-25,168.0,0.0
2013-02-26,202.0,0.0
2013-02-27,258.0,0.0
2013-02-28,182.0,0.0
2013-03-01,212.0,0.0
2013-03-02,214.0,0.0
2013-03-03,214.0,8.0
2013-03-04,218.0,0.0
2013-03-05,252.0,0.0
2013-03-06,172.0,0.0
2013-03-07,258.0,0.0
2013-03-08,278.0,0.0
2013-03-09,242.0,0.0
2013-03-10,176.0,0.0
2013-03-11,206.0,2.0
2013-03-12,226.0,0.0
2013-03-13,232.0,0.0
2013-03-14,206.0,0.0
2013-03-15,176.0,0.0
2013-03-16,246.0,0.0
2013-03-17,184.0,0.0
2013-03-18,170.0,0.0
2013-03-19,178.0,0.0
2013-03-20,202.0,0.0
2013-03-21,204.0,0.0
2013-03-22,236.0,0.0
2013-03-23,194.0,2.0
2013-03-24,180.0,0.0
2013-03-25,244.0,0.0
2013-03-26,148.0,0.0
2013-03-27,148.0,0.0
2013-03-28,238.0,0.0
2013-03-29,228.0,0.0
2013-03-30,198.0,0.0
2013-03-31,222.0,0.0
2013-04-01,150.0,0.0
2013-04-02,128.0,0.0
2013-04-03,218.0,2.0
2013-04-04,234.0,0.0
2013-04-05,234.0,0.0
2013-04-06,228.0,0.0
2013-04-07,262.0,0.0
2013-04-08,240.0,0.0
2013-04-09,244.0,0.0
2013-04-10,268.0,0.0
2013-04-11,198.0,0.0
2013-04-12,348.0,0.0
2013-04-13,248.0,0.0
2013-04-14,222.0,0.0
2013-04-15,256.0,0.0
2013-04-16,264.0,0.0
2013-04-17,246.0,2.0
2013-04-18,164.0,0.0
2013-04-19,240.0,0.0
2013-04-20,248.0,0.0
2013-04-21,184.0,0.0
2013-04-22,166.0,0.0
2013-04-23,216.0,2.0
2013-04-24,252.0,0.0
2013-04-25,290.0,0.0
2013-04-26,234.0,0.0
2013-04-27,274.0,0.0
2013-04-28,240.0,0.0
2013-04-29,272.0,0.0
2013-04-30,182.0,0.0
2013-05-01,282.0,0.0
2013-05-02,274.0,0.0
2013-05-03,260.0,0.0
2013-05-04,254.0,0.0
2013-05-05,260.0,0.0
2013-05-06,232.0,0.0
2013-05-07,236.0,0.0
2013-05-08,262.0,0.0
2013-05-09,270.0,0.0
2013-05-10,310.0,0.0
2013-05-11,298.0,0.0
2013-05-12,248.0,0.0
2013-05-13,202.0,0.0
2013-05-14,190.0,0.0
2013-05-15,140.0,0.0
2013-05-16,202.0,0.0
2013-05-17,312.0,2.0
2013-05-18,242.0,0.0
2013-05-19,238.0,0.0
2013-05-20,266.0,0.0
2013-05-21,270.0,0.0
2013-05-22,218.0,0.0
2013-05-23,316.0,0.0
2013-05-24,292.0,0.0
2013-05-25,234.0,0.0
2013-05-26,226.0,0.0
2013-05-27,224.0,0.0
2013-05-28,230.0,0.0
2013-05-29,220.0,0.0
2013-05-30,260.0,0.0
2013-05-31,270.0,0.0
2013-06-01,280.0,0.0
2013-06-02,160.0,0.0
2013-06-03,260.0,0.0
2013-06-04,278.0,2.0
2013-06-05,212.0,0.0
2013-06-06,282.0,0.0
2013-06-07,374.0,0.0
2013-06-08,216.0,0.0
2013-06-09,270.0,0.0
2013-06-10,244.0,2.0
2013-06-11,220.0,2.0
2013-06-12,284.0,0.0
2013-06-13,234.0,0.0
2013-06-14,342.0,0.0
2013-06-15,234.0,0.0
2013-06-16,228.0,0.0
2013-06-17,276.0,0.0
2013-06-18,238.0,0.0
2013-06-19,306.0,0.0
2013-06-20,264.0,0.0
2013-06-21,270.0,0.0
2013-06-22,296.0,0.0
2013-06-23,218.0,0.0
2013-06-24,292.0,2.0
2013-06-25,326.0,0.0
2013-06-26,226.0,0.0
2013-06-27,286.0,0.0
2013-06-28,236.0,0.0
2013-06-29,294.0,0.0
2013-06-30,184.0,0.0
2013-07-01,276.0,0.0
2013-07-02,228.0,0.0
2013-07-03,238.0,0.0
2013-07-04,234.0,0.0
2013-07-05,338.0,0.0
2013-07-06,260.0,0.0
2013-07-07,222.0,4.0
2013-07-08,196.0,0.0
2013-07-09,204.0,0.0
2013-07-10,222.0,0.0
2013-07-11,258.0,0.0
2013-07-12,270.0,0.0
2013-07-13,256.0,0.0
2013-07-14,210.0,0.0
2013-07-15,254.0,0.0
2013-07-16,238.0,0.0
2013-07-17,258.0,0.0
2013-07-18,268.0,0.0
2013-07-19,278.0,0.0
2013-07-20,300.0,0.0
2013-07-21,238.0,0.0
2013-07-22,278.0,0.0
2013-07-23,230.0,0.0
2013-07-24,240.0,0.0
2013-07-25,186.0,0.0
2013-07-26,274.0,0.0
2013-07-27,262.0,0.0
2013-07-28,298.0,0.0
2013-07-29,220.0,0.0
2013-07-30,244.0,2.0
2013-07-31,276.0,0.0
2013-08-01,286.0,0.0
2013-08-02,254.0,0.0
2013-08-03,254.0,0.0
2013-08-04,218.0,0.0
2013-08-05,238.0,0.0
2013-08-06,328.0,0.0
2013-08-07,142.0,0.0
2013-08-08,204.0,0.0
2013-08-09,250.0,2.0
2013-08-10,212.0,0.0
2013-08-11,210.0,0.0
2013-08-12,168.0,0.0
2013-08-13,212.0,0.0
2013-08-14,288.0,2.0
2013-08-15,264.0,6.0
2013-08-16,288.0,2.0
2013-08-17,250.0,0.0
2013-08-18,208.0,0.0
2013-08-19,206.0,0.0
2013-08-20,276.0,0.0
2013-08-21,254.0,0.0
2013-08-22,240.0,0.0
2013-08-23,246.0,0.0
2013-08-24,280.0,6.0
2013-08-25,184.0,0.0
2013-08-26,242.0,0.0
2013-08-27,190.0,0.0
2013-08-28,194.0,0.0
2013-08-29,226.0,0.0
2013-08-30,222.0,0.0
2013-08-31,276.0,0.0
2013-09-01,276.0,0.0
2013-09-02,272.0,0.0
2013-09-03,244.0,0.0
2013-09-04,286.0,0.0
2013-09-05,186.0,0.0
2013-09-06,260.0,0.0
2013-09-07,250.0,0.0
2013-09-08,264.0,0.0
2013-09-09,330.0,0.0
2013-09-10,258.0,0.0
2013-09-11,222.0,0.0
2013-09-12,306.0,0.0
2013-09-13,244.0,0.0
2013-09-14,226.0,4.0
2013-09-15,238.0,2.0
2013-09-16,194.0,0.0
2013-09-17,328.0,0.0
2013-09-18,246.0,0.0
2013-09-19,224.0,0.0
2013-09-20,292.0,0.0
2013-09-21,260.0,0.0
2013-09-22,268.0,0.0
2013-09-23,328.0,0.0
2013-09-24,260.0,0.0
2013-09-25,208.0,0.0
2013-09-26,158.0,0.0
2013-09-27,220.0,0.0
2013-09-28,216.0,0.0
2013-09-29,254.0,0.0
2013-09-30,278.0,0.0
2013-10-01,238.0,0.0
2013-10-02,264.0,0.0
2013-10-03,236.0,0.0
2013-10-04,286.0,0.0
2013-10-05,194.0,0.0
2013-10-06,186.0,0.0
2013-10-07,258.0,0.0
2013-10-08,178.0,0.0
2013-10-09,218.0,0.0
2013-10-10,234.0,0.0
2013-10-11,242.0,0.0
2013-10-12,224.0,0.0
2013-10-13,170.0,0.0
2013-10-14,218.0,0.0
2013-10-15,284.0,0.0
2013-10-16,202.0,0.0
2013-10-17,176.0,0.0
2013-10-18,310.0,0.0
2013-10-19,220.0,0.0
2013-10-20,186.0,2.0
2013-10-21,292.0,0.0
2013-10-22,252.0,2.0
2013-10-23,246.0,0.0
2013-10-24,256.0,0.0
2013-10-25,230.0,0.0
2013-10-26,308.0,0.0
2013-10-27,220.0,0.0
2013-10-28,270.0,0.0
2013-10-29,198.0,0.0
2013-10-30,250.0,0.0
2013-10-31,234.0,0.0
2013-11-01,316.0,0.0
2013-11-02,228.0,2.0
2013-11-03,196.0,0.0
2013-11-04,260.0,0.0
2013-11-05,212.0,4.0
2013-11-06,232.0,0.0
2013-11-07,228.0,0.0
2013-11-08,256.0,0.0
2013-11-09,224.0,0.0
2013-11-10,146.0,0.0
2013-11-11,176.0,6.0
2013-11-12,234.0,0.0
2013-11-13,260.0,0.0
2013-11-14,244.0,0.0
2013-11-15,292.0,0.0
2013-11-16,246.0,0.0
2013-11-17,192.0,0.0
2013-11-18,264.0,0.0
2013-11-19,244.0,0.0
2013-11-20,200.0,0.0
2013-11-21,224.0,0.0
2013-11-22,238.0,0.0
2013-11-23,268.0,0.0
2013-11-24,188.0,0.0
2013-11-25,240.0,0.0
2013-11-26,390.0,2.0
2013-11-27,282.0,2.0
2013-11-28,200.0,0.0
2013-11-29,132.0,0.0
2013-11-30,184.0,4.0
2013-12-01,176.0,0.0
2013-12-02,206.0,0.0
2013-12-03,176.0,0.0
2013-12-04,212.0,0.0
2013-12-05,246.0,0.0
2013-12-06,296.0,0.0
2013-12-07,236.0,0.0
2013-12-08,220.0,0.0
2013-12-09,232.0,0.0
2013-12-10,210.0,0.0
2013-12-11,248.0,0.0
2013-12-12,230.0,0.0
2013-12-13,236.0,0.0
2013-12-14,184.0,2.0
2013-12-15,154.0,0.0
2013-12-16,198.0,0.0
2013-12-17,222.0,0.0
2013-12-18,178.0,0.0
2013-12-19,258.0,0.0
2013-12-20,242.0,0.0
2013-12-21,260.0,2.0
2013-12-22,242.0,0.0
2013-12-23,240.0,0.0
2013-12-24,224.0,0.0
2013-12-25,112.0,0.0
2013-12-26,160.0,0.0
2013-12-27,156.0,2.0
2013-12-28,174.0,0.0
2013-12-29,140.0,0.0
2013-12-30,178.0,0.0
2013-12-31,184.0,2.0
2014-01-01,218.0,0.0
2014-01-02,206.0,0.0
2014-01-03,66.0,0.0
2014-01-04,132.0,0.0
2014-01-05,90.0,0.0
2014-01-06,166.0,0.0
2014-01-07,146.0,0.0
2014-01-08,226.0,0.0
2014-01-09,156.0,0.0
2014-01-10,318.0,4.0
2014-01-11,246.0,0.0
2014-01-12,146.0,2.0
2014-01-13,246.0,0.0
2014-01-14,316.0,0.0
2014-01-15,200.0,0.0
2014-01-16,222.0,0.0
2014-01-17,220.0,0.0
2014-01-18,202.0,0.0
2014-01-19,194.0,0.0
2014-01-20,104.0,0.0
2014-01-21,252.0,0.0
2014-01-22,108.0,0.0
2014-01-23,156.0,0.0
2014-01-24,218.0,0.0
2014-01-25,184.0,0.0
2014-01-26,174.0,0.0
2014-01-27,152.0,0.0
2014-01-28,210.0,0.0
2014-01-29,282.0,0.0
2014-01-30,248.0,0.0
2014-01-31,152.0,0.0
2014-02-01,188.0,0.0
2014-02-02,180.0,0.0
2014-02-03,250.0,0.0
2014-02-04,192.0,0.0
2014-02-05,82.0,0.0
2014-02-06,120.0,0.0
2014-02-07,196.0,0.0
2014-02-08,116.0,0.0
2014-02-09,106.0,0.0
2014-02-10,218.0,0.0
2014-02-11,178.0,0.0
2014-02-12,160.0,0.0
2014-02-13,120.0,0.0
2014-02-14,178.0,0.0
2014-02-15,128.0,0.0
2014-02-16,108.0,0.0
2014-02-17,134.0,0.0
2014-02-18,164.0,0.0
2014-02-19,172.0,0.0
2014-02-20,132.0,0.0
2014-02-21,184.0,0.0
2014-02-22,210.0,0.0
2014-02-23,202.0,2.0
2014-02-24,184.0,0.0
2014-02-25,136.0,0.0
2014-02-26,182.0,0.0
2014-02-27,202.0,0.0
2014-02-28,222.0,0.0
2014-03-01,176.0,0.0
2014-03-02,98.0,0.0
2014-03-03,164.0,0.0
2014-03-04,164.0,0.0
2014-03-05,160.0,2.0
2014-03-06,166.0,0.0
2014-03-07,176.0,0.0
2014-03-08,220.0,0.0
2014-03-09,180.0,2.0
2014-03-10,190.0,0.0
2014-03-11,214.0,0.0
2014-03-12,176.0,0.0
2014-03-13,162.0,0.0
2014-03-14,220.0,0.0
2014-03-15,150.0,0.0
2014-03-16,158.0,0.0
2014-03-17,178.0,0.0
2014-03-18,184.0,0.0
2014-03-19,210.0,0.0
2014-03-20,200.0,0.0
2014-03-21,256.0,0.0
2014-03-22,186.0,0.0
2014-03-23,188.0,2.0
2014-03-24,176.0,0.0
2014-03-25,172.0,0.0
2014-03-26,196.0,0.0
2014-03-27,212.0,0.0
2014-03-28,184.0,0.0
2014-03-29,296.0,0.0
2014-03-30,178.0,0.0
2014-03-31,194.0,0.0
2014-04-01,170.0,0.0
2014-04-02,200.0,0.0
2014-04-03,184.0,2.0
2014-04-04,212.0,8.0
2014-04-05,216.0,0.0
2014-04-06,194.0,0.0
2014-04-07,220.0,0.0
2014-04-08,202.0,2.0
2014-04-09,232.0,0.0
2014-04-10,250.0,0.0
2014-04-11,206.0,0.0
2014-04-12,234.0,0.0
2014-04-13,224.0,0.0
2014-04-14,222.0,0.0
2014-04-15,196.0,0.0
2014-04-16,228.0,0.0
2014-04-17,134.0,0.0
2014-04-18,140.0,0.0
2014-04-19,242.0,0.0
2014-04-20,176.0,0.0
2014-04-21,146.0,0.0
2014-04-22,184.0,0.0
2014-04-23,174.0,0.0
2014-04-24,220.0,0.0
2014-04-25,206.0,0.0
2014-04-26,186.0,2.0
2014-04-27,226.0,0.0
2014-04-28,204.0,2.0
2014-04-29,184.0,0.0
2014-04-30,270.0,2.0
2014-05-01,280.0,0.0
2014-05-02,238.0,0.0
2014-05-03,234.0,0.0
2014-05-04,228.0,2.0
2014-05-05,222.0,0.0
2014-05-06,230.0,0.0
2014-05-07,224.0,0.0
2014-05-08,204.0,2.0
2014-05-09,186.0,0.0
2014-05-10,186.0,0.0
2014-05-11,202.0,0.0
2014-05-12,220.0,0.0
2014-05-13,172.0,0.0
2014-05-14,250.0,0.0
2014-05-15,238.0,0.0
2014-05-16,218.0,0.0
2014-05-17,198.0,0.0
2014-05-18,238.0,0.0
2014-05-19,208.0,4.0
2014-05-20,238.0,0.0
2014-05-21,166.0,0.0
2014-05-22,204.0,0.0
2014-05-23,270.0,0.0
2014-05-24,218.0,0.0
2014-05-25,198.0,2.0
2014-05-26,170.0,0.0
2014-05-27,222.0,0.0
2014-05-28,136.0,0.0
2014-05-29,262.0,0.0
2014-05-30,236.0,0.0
2014-05-31,224.0,0.0
2014-06-01,276.0,0.0
2014-06-02,244.0,0.0
2014-06-03,188.0,0.0
2014-06-04,208.0,0.0
2014-06-05,216.0,0.0
2014-06-06,296.0,0.0
2014-06-07,306.0,0.0
2014-06-08,290.0,0.0
2014-06-09,190.0,2.0
2014-06-10,190.0,0.0
2014-06-11,188.0,0.0
2014-06-12,248.0,0.0
2014-06-13,302.0,0.0
2014-06-14,202.0,0.0
2014-06-15,278.0,0.0
2014-06-16,260.0,0.0
2014-06-17,296.0,0.0
2014-06-18,222.0,0.0
2014-06-19,236.0,0.0
2014-06-20,306.0,0.0
2014-06-21,238.0,0.0
2014-06-22,210.0,0.0
2014-06-23,256.0,0.0
2014-06-24,222.0,0.0
2014-06-25,278.0,0.0
2014-06-26,310.0,0.0
2014-06-27,234.0,0.0
2014-06-28,310.0,0.0
2014-06-29,270.0,0.0
2014-06-30,236.0,0.0
2014-07-01,230.0,0.0
2014-07-02,242.0,2.0
2014-07-03,258.0,0.0
2014-07-04,176.0,0.0
2014-07-05,306.0,2.0
2014-07-06,216.0,0.0
2014-07-07,276.0,0.0
2014-07-08,218.0,0.0
2014-07-09,162.0,2.0
2014-07-10,212.0,0.0
2014-07-11,278.0,0.0
2014-07-12,210.0,0.0
2014-07-13,236.0,0.0
2014-07-14,238.0,0.0
2014-07-15,194.0,0.0
2014-07-16,212.0,0.0
2014-07-17,184.0,0.0
2014-07-18,232.0,2.0
2014-07-19,216.0,0.0
2014-07-20,184.0,0.0
2014-07-21,188.0,0.0
2014-07-22,230.0,0.0
2014-07-23,200.0,0.0
2014-07-24,202.0,0.0
2014-07-25,248.0,2.0
2014-07-26,240.0,0.0
2014-07-27,226.0,2.0
2014-07-28,222.0,0.0
2014-07-29,200.0,0.0
2014-07-30,222.0,0.0
2014-07-31,202.0,0.0
2014-08-01,272.0,0.0
2014-08-02,218.0,0.0
2014-08-03,164.0,0.0
2014-08-04,294.0,0.0
2014-08-05,288.0,0.0
2014-08-06,188.0,0.0
2014-08-07,270.0,0.0
2014-08-08,264.0,0.0
2014-08-09,204.0,0.0
2014-08-10,224.0,0.0
2014-08-11,246.0,0.0
2014-08-12,184.0,0.0
2014-08-13,228.0,0.0
2014-08-14,234.0,0.0
2014-08-15,134.0,0.0
2014-08-16,222.0,0.0
2014-08-17,230.0,2.0
2014-08-18,192.0,0.0
2014-08-19,200.0,0.0
2014-08-20,172.0,0.0
2014-08-21,180.0,0.0
2014-08-22,232.0,0.0
2014-08-23,166.0,0.0
2014-08-24,186.0,0.0
2014-08-25,188.0,0.0
2014-08-26,270.0,0.0
2014-08-27,200.0,0.0
2014-08-28,214.0,2.0
2014-08-29,212.0,2.0
2014-08-30,172.0,0.0
2014-08-31,214.0,0.0
2014-09-01,164.0,0.0
2014-09-02,220.0,0.0
2014-09-03,174.0,0.0
2014-09-04,236.0,0.0
2014-09-05,206.0,0.0
2014-09-06,202.0,0.0
2014-09-07,184.0,0.0
2014-09-08,218.0,0.0
2014-09-09,212.0,0.0
2014-09-10,200.0,0.0
2014-09-11,210.0,0.0
2014-09-12,294.0,0.0
2014-09-13,222.0,0.0
2014-09-14,232.0,0.0
2014-09-15,224.0,0.0
2014-09-16,228.0,2.0
2014-09-17,250.0,0.0
2014-09-18,258.0,4.0
2014-09-19,198.0,0.0
2014-09-20,228.0,0.0
2014-09-21,190.0,0.0
2014-09-22,286.0,0.0
2014-09-23,208.0,2.0
2014-09-24,178.0,0.0
2014-09-25,174.0,0.0
2014-09-26,248.0,0.0
2014-09-27,266.0,0.0
2014-09-28,202.0,0.0
2014-09-29,206.0,0.0
2014-09-30,230.0,0.0
2014-10-01,214.0,0.0
2014-10-02,186.0,0.0
2014-10-03,364.0,0.0
2014-10-04,252.0,0.0
2014-10-05,234.0,0.0
2014-10-06,260.0,0.0
2014-10-07,274.0,0.0
2014-10-08,216.0,0.0
2014-10-09,184.0,0.0
2014-10-10,206.0,0.0
2014-10-11,276.0,0.0
2014-10-12,242.0,0.0
2014-10-13,222.0,0.0
2014-10-14,264.0,0.0
2014-10-15,210.0,0.0
2014-10-16,250.0,0.0
2014-10-17,228.0,0.0
2014-10-18,236.0,0.0
2014-10-19,244.0,0.0
2014-10-20,206.0,0.0
2014-10-21,206.0,0.0
2014-10-22,320.0,0.0
2014-10-23,248.0,0.0
2014-10-24,236.0,2.0
2014-10-25,210.0,0.0
2014-10-26,200.0,0.0
2014-10-27,296.0,0.0
2014-10-28,184.0,0.0
2014-10-29,216.0,0.0
2014-10-30,184.0,0.0
2014-10-31,214.0,0.0
2014-11-01,320.0,0.0
2014-11-02,192.0,0.0
2014-11-03,240.0,0.0
2014-11-04,206.0,0.0
2014-11-05,240.0,0.0
2014-11-06,228.0,2.0
2014-11-07,278.0,0.0
2014-11-08,216.0,2.0
2014-11-09,128.0,0.0
2014-11-10,212.0,0.0
2014-11-11,178.0,0.0
2014-11-12,246.0,0.0
2014-11-13,232.0,0.0
2014-11-14,262.0,0.0
2014-11-15,198.0,0.0
2014-11-16,192.0,0.0
2014-11-17,268.0,0.0
2014-11-18,234.0,0.0
2014-11-19,228.0,0.0
2014-11-20,186.0,0.0
2014-11-21,248.0,0.0
2014-11-22,226.0,0.0
2014-11-23,184.0,0.0
2014-11-24,222.0,0.0
2014-11-25,196.0,0.0
2014-11-26,320.0,0.0
2014-11-27,176.0,0.0
2014-11-28,180.0,0.0
2014-11-29,140.0,0.0
2014-11-30,108.0,0.0
2014-12-01,208.0,0.0
2014-12-02,196.0,2.0
2014-12-03,194.0,0.0
2014-12-04,228.0,0.0
2014-12-05,272.0,0.0
2014-12-06,266.0,0.0
2014-12-07,212.0,0.0
2014-12-08,170.0,0.0
2014-12-09,250.0,0.0
2014-12-10,262.0,0.0
2014-12-11,216.0,0.0
2014-12-12,220.0,0.0
2014-12-13,204.0,2.0
2014-12-14,200.0,0.0
2014-12-15,270.0,0.0
2014-12-16,278.0,0.0
2014-12-17,208.0,0.0
2014-12-18,176.0,0.0
2014-12-19,230.0,0.0
2014-12-20,164.0,0.0
2014-12-21,132.0,0.0
2014-12-22,180.0,2.0
2014-12-23,270.0,0.0
2014-12-24,216.0,0.0
2014-12-25,154.0,0.0
2014-12-26,134.0,0.0
2014-12-27,207.0,0.0
2014-12-28,170.0,0.0
2014-12-29,158.0,0.0
2014-12-30,136.0,0.0
2014-12-31,138.0,0.0
2015-01-01,168.0,0.0
2015-01-02,124.0,0.0
2015-01-03,218.0,2.0
2015-01-04,126.0,2.0
2015-01-05,218.0,4.0
2015-01-06,208.0,0.0
2015-01-07,230.0,0.0
2015-01-08,188.0,0.0
2015-01-09,254.0,0.0
2015-01-10,174.0,0.0
2015-01-11,110.0,0.0
2015-01-12,246.0,0.0
2015-01-13,216.0,0.0
2015-01-14,170.0,2.0
2015-01-15,180.0,0.0
2015-01-16,180.0,0.0
2015-01-17,156.0,0.0
2015-01-18,276.0,0.0
2015-01-19,156.0,0.0
2015-01-20,144.0,0.0
2015-01-21,120.0,0.0
2015-01-22,154.0,0.0
2015-01-23,160.0,0.0
2015-01-24,104.0,0.0
2015-01-25,158.0,0.0
2015-01-26,136.0,0.0
2015-01-27,28.0,0.0
2015-01-28,120.0,0.0
2015-01-29,138.0,0.0
2015-01-30,166.0,0.0
2015-01-31,154.0,0.0
2015-02-01,104.0,0.0
2015-02-02,164.0,0.0
2015-02-03,202.0,0.0
2015-02-04,202.0,0.0
2015-02-05,140.0,0.0
2015-02-06,156.0,0.0
2015-02-07,174.0,0.0
2015-02-08,130.0,0.0
2015-02-09,172.0,0.0
2015-02-10,170.0,0.0
2015-02-11,200.0,2.0
2015-02-12,164.0,0.0
2015-02-13,218.0,0.0
2015-02-14,100.0,0.0
2015-02-15,136.0,0.0
2015-02-16,98.0,0.0
2015-02-17,164.0,0.0
2015-02-18,174.0,0.0
2015-02-19,114.0,0.0
2015-02-20,160.0,0.0
2015-02-21,136.0,0.0
2015-02-22,140.0,0.0
2015-02-23,134.0,0.0
2015-02-24,90.0,0.0
2015-02-25,20.0,0.0
2015-02-26,30.0,0.0
2015-02-27,114.0,0.0
2015-02-28,196.0,0.0
2015-03-01,208.0,0.0
2015-03-02,172.0,2.0
2015-03-03,134.0,0.0
2015-03-04,108.0,0.0
2015-03-05,152.0,0.0
2015-03-06,212.0,0.0
2015-03-07,158.0,0.0
2015-03-08,158.0,0.0
2015-03-09,246.0,2.0
2015-03-10,224.0,0.0
2015-03-11,196.0,0.0
2015-03-12,182.0,0.0
2015-03-13,220.0,0.0
2015-03-14,216.0,0.0
2015-03-15,140.0,0.0
2015-03-16,154.0,0.0
2015-03-17,154.0,0.0
2015-03-18,160.0,0.0
2015-03-19,140.0,0.0
2015-03-20,242.0,4.0
2015-03-21,182.0,0.0
2015-03-22,180.0,0.0
2015-03-23,156.0,0.0
2015-03-24,184.0,0.0
2015-03-25,244.0,0.0
2015-03-26,216.0,0.0
2015-03-27,142.0,0.0
2015-03-28,120.0,0.0
2015-03-29,122.0,0.0
2015-03-30,204.0,0.0
2015-03-31,182.0,0.0
2015-04-01,212.0,0.0
2015-04-02,212.0,2.0
2015-04-03,130.0,0.0
2015-04-04,170.0,0.0
2015-04-05,192.0,0.0
2015-04-06,168.0,0.0
2015-04-07,156.0,0.0
2015-04-08,126.0,0.0
2015-04-09,130.0,0.0
2015-04-10,168.0,0.0
2015-04-11,190.0,0.0
2015-04-12,162.0,0.0
2015-04-13,196.0,0.0
2015-04-14,178.0,0.0
2015-04-15,212.0,0.0
2015-04-16,168.0,0.0
2015-04-17,272.0,0.0
2015-04-18,248.0,2.0
2015-04-19,200.0,0.0
2015-04-20,204.0,0.0
2015-04-21,232.0,0.0
2015-04-22,178.0,0.0
2015-04-23,176.0,0.0
2015-04-24,242.0,0.0
2015-04-25,206.0,0.0
2015-04-26,202.0,2.0
2015-04-27,168.0,0.0
2015-04-28,180.0,0.0
2015-04-29,240.0,0.0
2015-04-30,186.0,0.0
2015-05-01,214.0,0.0
2015-05-02,164.0,0.0
2015-05-03,204.0,0.0
2015-05-04,278.0,2.0
2015-05-05,208.0,0.0
2015-05-06,172.0,0.0
2015-05-07,220.0,0.0
2015-05-08,258.0,0.0
2015-05-09,160.0,0.0
2015-05-10,266.0,2.0
2015-05-11,294.0,0.0
2015-05-12,246.0,2.0
2015-05-13,238.0,0.0
2015-05-14,270.0,0.0
2015-05-15,242.0,0.0
2015-05-16,274.0,0.0
2015-05-17,276.0,2.0
2015-05-18,170.0,0.0
2015-05-19,220.0,0.0
2015-05-20,224.0,0.0
2015-05-21,206.0,0.0
2015-05-22,236.0,0.0
2015-05-23,204.0,0.0
2015-05-24,192.0,0.0
2015-05-25,206.0,4.0
2015-05-26,208.0,2.0
2015-05-27,240.0,0.0
2015-05-28,248.0,0.0
2015-05-29,300.0,0.0
2015-05-30,252.0,0.0
2015-05-31,240.0,0.0
2015-06-01,254.0,0.0
2015-06-02,260.0,2.0
2015-06-03,272.0,2.0
2015-06-04,202.0,2.0
2015-06-05,194.0,0.0
2015-06-06,270.0,0.0
2015-06-07,234.0,0.0
2015-06-08,248.0,0.0
2015-06-09,220.0,0.0
2015-06-10,292.0,0.0
2015-06-11,182.0,0.0
2015-06-12,174.0,0.0
2015-06-13,170.0,0.0
2015-06-14,208.0,0.0
2015-06-15,138.0,0.0
2015-06-16,238.0,0.0
2015-06-17,244.0,0.0
2015-06-18,216.0,0.0
2015-06-19,212.0,0.0
2015-06-20,230.0,0.0
2015-06-21,314.0,0.0
2015-06-22,312.0,0.0
2015-06-23,220.0,0.0
2015-06-24,242.0,0.0
2015-06-25,242.0,0.0
2015-06-26,306.0,0.0
2015-06-27,198.0,0.0
2015-06-28,238.0,2.0
2015-06-29,206.0,2.0
2015-06-30,214.0,0.0
2015-07-01,292.0,8.0
2015-07-02,186.0,0.0
2015-07-03,202.0,0.0
2015-07-04,196.0,0.0
2015-07-05,190.0,0.0
2015-07-06,180.0,0.0
2015-07-07,252.0,0.0
2015-07-08,202.0,0.0
2015-07-09,220.0,0.0
2015-07-10,278.0,0.0
2015-07-11,182.0,0.0
2015-07-12,188.0,0.0
2015-07-13,262.0,2.0
2015-07-14,238.0,0.0
2015-07-15,240.0,0.0
2015-07-16,256.0,0.0
2015-07-17,210.0,0.0
2015-07-18,208.0,0.0
2015-07-19,216.0,2.0
2015-07-20,286.0,0.0
2015-07-21,192.0,0.0
2015-07-22,216.0,0.0
2015-07-23,252.0,0.0
2015-07-24,166.0,0.0
2015-07-25,196.0,0.0
2015-07-26,248.0,0.0
2015-07-27,208.0,0.0
2015-07-28,226.0,0.0
2015-07-29,256.0,0.0
2015-07-30,232.0,0.0
2015-07-31,278.0,0.0
2015-08-01,232.0,0.0
2015-08-02,232.0,0.0
2015-08-03,268.0,0.0
2015-08-04,222.0,0.0
2015-08-05,258.0,2.0
2015-08-06,234.0,0.0
2015-08-07,286.0,0.0
2015-08-08,174.0,2.0
2015-08-09,212.0,0.0
2015-08-10,250.0,2.0
2015-08-11,232.0,0.0
2015-08-12,204.0,0.0
2015-08-13,290.0,0.0
2015-08-14,262.0,0.0
2015-08-15,190.0,0.0
2015-08-16,216.0,0.0
2015-08-17,206.0,0.0
2015-08-18,250.0,0.0
2015-08-19,176.0,0.0
2015-08-20,230.0,0.0
2015-08-21,244.0,0.0
2015-08-22,240.0,0.0
2015-08-23,186.0,0.0
2015-08-24,194.0,0.0
2015-08-25,190.0,0.0
2015-08-26,208.0,0.0
2015-08-27,208.0,0.0
2015-08-28,222.0,0.0
2015-08-29,208.0,0.0
2015-08-30,216.0,0.0
2015-08-31,240.0,0.0
2015-09-01,236.0,0.0
2015-09-02,228.0,0.0
2015-09-03,208.0,0.0
2015-09-04,228.0,0.0
2015-09-05,222.0,0.0
2015-09-06,254.0,0.0
2015-09-07,216.0,0.0
2015-09-08,264.0,0.0
2015-09-09,244.0,0.0
2015-09-10,256.0,0.0
2015-09-11,224.0,0.0
2015-09-12,210.0,2.0
2015-09-13,144.0,0.0
2015-09-14,230.0,2.0
2015-09-15,210.0,0.0
2015-09-16,248.0,0.0
2015-09-17,232.0,0.0
2015-09-18,264.0,0.0
2015-09-19,278.0,0.0
2015-09-20,236.0,0.0
2015-09-21,238.0,0.0
2015-09-22,164.0,0.0
2015-09-23,178.0,0.0
2015-09-24,264.0,0.0
2015-09-25,200.0,0.0
2015-09-26,216.0,0.0
2015-09-27,216.0,0.0
2015-09-28,200.0,0.0
2015-09-29,232.0,0.0
2015-09-30,164.0,0.0
2015-10-01,258.0,0.0
2015-10-02,254.0,0.0
2015-10-03,220.0,0.0
2015-10-04,208.0,0.0
2015-10-05,194.0,0.0
2015-10-06,206.0,2.0
2015-10-07,240.0,0.0
2015-10-08,218.0,0.0
2015-10-09,230.0,0.0
2015-10-10,238.0,0.0
2015-10-11,220.0,0.0
2015-10-12,188.0,0.0
2015-10-13,274.0,2.0
2015-10-14,240.0,2.0
2015-10-15,242.0,0.0
2015-10-16,248.0,0.0
2015-10-17,212.0,0.0
2015-10-18,176.0,0.0
2015-10-19,206.0,0.0
2015-10-20,240.0,0.0
2015-10-21,268.0,0.0
2015-10-22,278.0,0.0
2015-10-23,306.0,0.0
2015-10-24,156.0,0.0
2015-10-25,186.0,0.0
2015-10-26,238.0,0.0
2015-10-27,224.0,0.0
2015-10-28,296.0,0.0
2015-10-29,280.0,0.0
2015-10-30,226.0,0.0
2015-10-31,116.0,0.0
2015-11-01,108.0,0.0
2015-11-02,230.0,0.0
2015-11-03,246.0,0.0
2015-11-04,266.0,0.0
2015-11-05,192.0,0.0
2015-11-06,200.0,0.0
2015-11-07,168.0,0.0
2015-11-08,196.0,0.0
2015-11-09,254.0,2.0
2015-11-10,316.0,0.0
2015-11-11,208.0,0.0
2015-11-12,204.0,0.0
2015-11-13,218.0,0.0
2015-11-14,212.0,0.0
2015-11-15,198.0,0.0
2015-11-16,240.0,0.0
2015-11-17,250.0,0.0
2015-11-18,200.0,0.0
2015-11-19,326.0,0.0
2015-11-20,298.0,0.0
2015-11-21,178.0,0.0
2015-11-22,156.0,0.0
2015-11-23,238.0,0.0
2015-11-24,200.0,0.0
2015-11-25,230.0,0.0
2015-11-26,166.0,2.0
2015-11-27,226.0,0.0
2015-11-28,208.0,0.0
2015-11-29,144.0,0.0
2015-11-30,218.0,0.0
2015-12-01,300.0,4.0
2015-12-02,234.0,0.0
2015-12-03,186.0,0.0
2015-12-04,206.0,0.0
2015-12-05,266.0,0.0
2015-12-06,198.0,4.0
2015-12-07,244.0,0.0
2015-12-08,168.0,0.0
2015-12-09,156.0,0.0
2015-12-10,238.0,0.0
2015-12-11,214.0,0.0
2015-12-12,170.0,0.0
2015-12-13,204.0,0.0
2015-12-14,206.0,2.0
2015-12-15,240.0,0.0
2015-12-16,256.0,0.0
2015-12-17,256.0,0.0
2015-12-18,260.0,0.0
2015-12-19,164.0,0.0
2015-12-20,200.0,0.0
2015-12-21,224.0,0.0
2015-12-22,226.0,0.0
2015-12-23,356.0,2.0
2015-12-24,254.0,0.0
2015-12-25,190.0,0.0
2015-12-26,164.0,0.0
2015-12-27,254.0,0.0
2015-12-28,170.0,0.0
2015-12-29,220.0,0.0
2015-12-30,218.0,0.0
2015-12-31,134.0,0.0
2016-01-01,164.0,0.0
2016-01-02,194.0,0.0
2016-01-03,186.0,0.0
2016-01-04,170.0,2.0
2016-01-05,162.0,0.0
2016-01-06,184.0,0.0
2016-01-07,172.0,0.0
2016-01-08,232.0,0.0
2016-01-09,190.0,0.0
2016-01-10,154.0,2.0
2016-01-11,244.0,0.0
2016-01-12,180.0,0.0
2016-01-13,162.0,0.0
2016-01-14,198.0,2.0
2016-01-15,224.0,0.0
2016-01-16,202.0,2.0
2016-01-17,178.0,0.0
2016-01-18,192.0,0.0
2016-01-19,232.0,0.0
2016-01-20,188.0,0.0
2016-01-21,208.0,0.0
2016-01-22,200.0,0.0
2016-01-23,72.0,0.0
2016-01-24,60.0,0.0
2016-01-25,110.0,0.0
2016-01-26,138.0,0.0
2016-01-27,184.0,0.0
2016-01-28,194.0,0.0
2016-01-29,184.0,0.0
2016-01-30,158.0,0.0
2016-01-31,128.0,0.0
2016-02-01,202.0,0.0
2016-02-02,228.0,0.0
2016-02-03,220.0,0.0
2016-02-04,184.0,0.0
2016-02-05,224.0,2.0
2016-02-06,210.0,0.0
2016-02-07,148.0,0.0
2016-02-08,130.0,0.0
2016-02-09,168.0,0.0
2016-02-10,176.0,2.0
2016-02-11,232.0,0.0
2016-02-12,224.0,0.0
2016-02-13,168.0,0.0
2016-02-14,82.0,0.0
2016-02-15,102.0,0.0
2016-02-16,204.0,0.0
2016-02-17,134.0,0.0
2016-02-18,176.0,0.0
2016-02-19,144.0,0.0
2016-02-20,192.0,0.0
2016-02-21,148.0,0.0
2016-02-22,170.0,0.0
2016-02-23,214.0,0.0
2016-02-24,244.0,0.0
2016-02-25,222.0,0.0
2016-02-26,182.0,0.0
2016-02-27,160.0,0.0
2016-02-28,168.0,0.0
2016-02-29,184.0,0.0
2016-03-01,204.0,0.0
2016-03-02,200.0,0.0
2016-03-03,180.0,0.0
2016-03-04,172.0,0.0
2016-03-05,216.0,0.0
2016-03-06,184.0,0.0
2016-03-07,174.0,0.0
2016-03-08,230.0,0.0
2016-03-09,224.0,0.0
2016-03-10,210.0,0.0
2016-03-11,194.0,0.0
2016-03-12,204.0,0.0
2016-03-13,126.0,0.0
2016-03-14,66.0,0.0
2016-03-15,61.0,0.0
2016-03-16,81.0,0.0
2016-03-17,68.0,0.0
2016-03-18,89.0,0.0
2016-03-19,69.0,0.0
2016-03-20,55.0,0.0
2016-03-21,127.0,0.0
2016-03-22,52.0,0.0
2016-03-23,89.0,0.0
2016-03-24,65.0,0.0
2016-03-25,70.0,0.0
2016-03-26,63.0,0.0
2016-03-27,44.0,0.0
2016-03-28,70.0,0.0
2016-03-29,62.0,0.0
2016-03-30,76.0,0.0
2016-03-31,58.0,0.0
2016-04-01,82.0,0.0
2016-04-02,93.0,0.0
2016-04-03,50.0,0.0
2016-04-04,68.0,2.0
2016-04-05,84.0,0.0
2016-04-06,64.0,0.0
2016-04-07,70.0,0.0
2016-04-08,73.0,0.0
2016-04-09,38.0,0.0
2016-04-10,58.0,0.0
2016-04-11,57.0,0.0
2016-04-12,51.0,0.0
2016-04-13,56.0,0.0
2016-04-14,54.0,0.0
2016-04-15,62.0,0.0
2016-04-16,62.0,0.0
2016-04-17,88.0,0.0
2016-04-18,56.0,0.0
2016-04-19,66.0,0.0
2016-04-20,84.0,0.0
2016-04-21,46.0,0.0
2016-04-22,68.0,0.0
2016-04-23,84.0,0.0
2016-04-24,56.0,0.0
2016-04-25,64.0,0.0
2016-04-26,60.0,0.0
2016-04-27,40.0,0.0
2016-04-28,28.0,0.0
2016-04-29,48.0,0.0
2016-04-30,76.0,0.0
2016-05-01,64.0,0.0
2016-05-02,54.0,0.0
2016-05-03,62.0,0.0
2016-05-04,64.0,0.0
2016-05-05,132.0,0.0
2016-05-06,260.0,0.0
2016-05-07,254.0,0.0
2016-05-08,246.0,0.0
2016-05-09,220.0,0.0
2016-05-10,210.0,0.0
2016-05-11,270.0,0.0
2016-05-12,254.0,0.0
2016-05-13,216.0,0.0
2016-05-14,226.0,2.0
2016-05-15,198.0,0.0
2016-05-16,270.0,0.0
2016-05-17,254.0,0.0
2016-05-18,198.0,0.0
2016-05-19,222.0,0.0
2016-05-20,278.0,0.0
2016-05-21,242.0,0.0
2016-05-22,216.0,0.0
2016-05-23,216.0,0.0
2016-05-24,200.0,2.0
2016-05-25,182.0,0.0
2016-05-26,170.0,0.0
2016-05-27,220.0,0.0
2016-05-28,238.0,0.0
2016-05-29,236.0,2.0
2016-05-30,158.0,0.0
2016-05-31,242.0,0.0
2016-06-01,250.0,0.0
2016-06-02,208.0,0.0
2016-06-03,210.0,0.0
2016-06-04,208.0,0.0
2016-06-05,174.0,0.0
2016-06-06,242.0,2.0
2016-06-07,214.0,0.0
2016-06-08,264.0,0.0
2016-06-09,142.0,0.0
2016-06-10,296.0,2.0
2016-06-11,198.0,0.0
2016-06-12,272.0,0.0
2016-06-13,192.0,0.0
2016-06-14,198.0,0.0
2016-06-15,186.0,0.0
2016-06-16,172.0,0.0
2016-06-17,304.0,0.0
2016-06-18,262.0,0.0
2016-06-19,262.0,2.0
2016-06-20,210.0,0.0
2016-06-21,232.0,0.0
2016-06-22,218.0,0.0
2016-06-23,162.0,0.0
2016-06-24,270.0,0.0
2016-06-25,238.0,0.0
2016-06-26,198.0,0.0
2016-06-27,232.0,0.0
2016-06-28,224.0,0.0
2016-06-29,188.0,0.0
2016-06-30,194.0,0.0
2016-07-01,236.0,0.0
2016-07-02,188.0,0.0
2016-07-03,246.0,0.0
2016-07-04,228.0,0.0
2016-07-05,202.0,0.0
2016-07-06,160.0,0.0
2016-07-07,170.0,2.0
2016-07-08,182.0,0.0
2016-07-09,244.0,0.0
2016-07-10,176.0,0.0
2016-07-11,242.0,0.0
2016-07-12,168.0,0.0
2016-07-13,202.0,0.0
2016-07-14,220.0,0.0
2016-07-15,272.0,0.0
2016-07-16,236.0,0.0
2016-07-17,250.0,2.0
2016-07-18,242.0,0.0
2016-07-19,204.0,0.0
2016-07-20,188.0,0.0
2016-07-21,238.0,0.0
2016-07-22,222.0,0.0
2016-07-23,208.0,0.0
2016-07-24,222.0,0.0
2016-07-25,220.0,0.0
2016-07-26,164.0,0.0
2016-07-27,254.0,0.0
2016-07-28,244.0,0.0
2016-07-29,194.0,0.0
2016-07-30,244.0,0.0
2016-07-31,194.0,0.0
2016-08-01,178.0,0.0
2016-08-02,212.0,0.0
2016-08-03,226.0,0.0
2016-08-04,256.0,0.0
2016-08-05,218.0,0.0
2016-08-06,196.0,0.0
2016-08-07,210.0,0.0
2016-08-08,158.0,0.0
2016-08-09,144.0,0.0
2016-08-10,224.0,0.0
2016-08-11,210.0,0.0
2016-08-12,230.0,0.0
2016-08-13,246.0,0.0
2016-08-14,114.0,2.0
2016-08-15,180.0,0.0
2016-08-16,248.0,0.0
2016-08-17,160.0,0.0
2016-08-18,182.0,0.0
2016-08-19,222.0,0.0
2016-08-20,182.0,0.0
2016-08-21,208.0,0.0
2016-08-22,212.0,0.0
2016-08-23,218.0,0.0
2016-08-24,160.0,0.0
2016-08-25,192.0,0.0
2016-08-26,176.0,0.0
2016-08-27,208.0,0.0
2016-08-28,172.0,0.0
2016-08-29,198.0,0.0
2016-08-30,202.0,0.0
2016-08-31,172.0,2.0
2016-09-01,180.0,0.0
2016-09-02,212.0,0.0
2016-09-03,200.0,0.0
2016-09-04,186.0,0.0
2016-09-05,124.0,0.0
2016-09-06,134.0,0.0
2016-09-07,158.0,0.0
2016-09-08,220.0,0.0
2016-09-09,174.0,0.0
2016-09-10,154.0,0.0
2016-09-11,206.0,2.0
2016-09-12,238.0,0.0
2016-09-13,290.0,0.0
2016-09-14,218.0,0.0
2016-09-15,256.0,0.0
2016-09-16,220.0,0.0
2016-09-17,242.0,0.0
2016-09-18,186.0,0.0
2016-09-19,236.0,0.0
2016-09-20,206.0,0.0
2016-09-21,244.0,0.0
2016-09-22,230.0,0.0
2016-09-23,242.0,0.0
2016-09-24,218.0,0.0
2016-09-25,180.0,0.0
2016-09-26,246.0,0.0
2016-09-27,186.0,0.0
2016-09-28,184.0,0.0
2016-09-29,168.0,0.0
2016-09-30,300.0,0.0
2016-10-01,194.0,0.0
2016-10-02,134.0,0.0
2016-10-03,144.0,0.0
2016-10-04,146.0,0.0
2016-10-05,158.0,0.0
2016-10-06,224.0,0.0
2016-10-07,146.0,0.0
2016-10-08,114.0,0.0
2016-10-09,136.0,0.0
2016-10-10,182.0,0.0
2016-10-11,210.0,0.0
2016-10-12,148.0,0.0
2016-10-13,178.0,0.0
2016-10-14,216.0,0.0
2016-10-15,190.0,0.0
2016-10-16,202.0,0.0
2016-10-17,182.0,0.0
2016-10-18,172.0,0.0
2016-10-19,204.0,0.0
2016-10-20,150.0,0.0
2016-10-21,286.0,2.0
2016-10-22,208.0,0.0
2016-10-23,168.0,0.0
2016-10-24,176.0,0.0
2016-10-25,166.0,0.0
2016-10-26,214.0,0.0
2016-10-27,240.0,0.0
2016-10-28,196.0,0.0
2016-10-29,200.0,0.0
2016-10-30,156.0,0.0
2016-10-31,188.0,0.0
2016-11-01,180.0,0.0
2016-11-02,182.0,0.0
2016-11-03,198.0,0.0
2016-11-04,276.0,0.0
2016-11-05,192.0,0.0
2016-11-06,174.0,0.0
2016-11-07,194.0,0.0
2016-11-08,232.0,4.0
2016-11-09,154.0,0.0
2016-11-10,190.0,0.0
2016-11-11,198.0,0.0
2016-11-12,162.0,0.0
2016-11-13,162.0,0.0
2016-11-14,174.0,0.0
2016-11-15,224.0,0.0
2016-11-16,216.0,0.0
2016-11-17,178.0,0.0
2016-11-18,236.0,0.0
2016-11-19,230.0,0.0
2016-11-20,198.0,0.0
2016-11-21,184.0,0.0
2016-11-22,204.0,0.0
2016-11-23,196.0,0.0
2016-11-24,162.0,0.0
2016-11-25,182.0,0.0
2016-11-26,150.0,0.0
2016-11-27,110.0,0.0
2016-11-28,170.0,0.0
2016-11-29,256.0,0.0
2016-11-30,242.0,0.0
2016-12-01,242.0,0.0
2016-12-02,176.0,0.0
2016-12-03,189.0,0.0
2016-12-04,144.0,2.0
2016-12-05,202.0,0.0
2016-12-06,184.0,0.0
2016-12-07,190.0,0.0
2016-12-08,130.0,0.0
2016-12-09,194.0,0.0
2016-12-10,176.0,0.0
2016-12-11,188.0,0.0
2016-12-12,178.0,0.0
2016-12-13,160.0,0.0
2016-12-14,186.0,0.0
2016-12-15,176.0,0.0
2016-12-16,184.0,0.0
2016-12-17,150.0,0.0
2016-12-18,206.0,0.0
2016-12-19,198.0,0.0
2016-12-20,204.0,0.0
2016-12-21,150.0,0.0
2016-12-22,152.0,0.0
2016-12-23,238.0,0.0
2016-12-24,154.0,0.0
2016-12-25,130.0,0.0
2016-12-26,118.0,0.0
2016-12-27,178.0,0.0
2016-12-28,156.0,0.0
2016-12-29,176.0,0.0
2016-12-30,166.0,0.0
2016-12-31,178.0,0.0
2017-01-01,192.0,4.0
2017-01-02,134.0,0.0
2017-01-03,216.0,0.0
2017-01-04,140.0,0.0
2017-01-05,112.0,0.0
2017-01-06,166.0,0.0
2017-01-07,201.0,0.0
2017-01-08,90.0,0.0
2017-01-09,162.0,2.0
2017-01-10,170.0,0.0
2017-01-11,166.0,0.0
2017-01-12,172.0,0.0
2017-01-13,214.0,0.0
2017-01-14,172.0,0.0
2017-01-15,198.0,0.0
2017-01-16,140.0,0.0
2017-01-17,224.0,0.0
2017-01-18,190.0,0.0
2017-01-19,178.0,0.0
2017-01-20,146.0,0.0
2017-01-21,124.0,0.0
2017-01-22,138.0,0.0
2017-01-23,250.0,0.0
2017-01-24,197.0,0.0
2017-01-25,152.0,0.0
2017-01-26,172.0,0.0
2017-01-27,134.0,0.0
2017-01-28,175.0,0.0
2017-01-29,98.0,0.0
2017-01-30,166.0,0.0
2017-01-31,138.0,0.0
2017-02-01,174.0,0.0
2017-02-02,196.0,0.0
2017-02-03,148.0,0.0
2017-02-04,160.0,0.0
2017-02-05,160.0,0.0
2017-02-06,140.0,0.0
2017-02-07,190.0,0.0
2017-02-08,191.0,0.0
2017-02-09,98.0,0.0
2017-02-10,161.0,0.0
2017-02-11,122.0,0.0
2017-02-12,146.0,0.0
2017-02-13,192.0,0.0
2017-02-14,216.0,0.0
2017-02-15,158.0,0.0
2017-02-16,174.0,0.0
2017-02-17,182.0,0.0
2017-02-18,156.0,0.0
2017-02-19,152.0,0.0
2017-02-20,158.0,0.0
2017-02-21,136.0,0.0
2017-02-22,120.0,0.0
2017-02-23,158.0,0.0
2017-02-24,288.0,0.0
2017-02-25,168.0,0.0
2017-02-26,116.0,0.0
2017-02-27,170.0,0.0
2017-02-28,150.0,0.0
2017-03-01,146.0,2.0
2017-03-02,158.0,0.0
2017-03-03,178.0,0.0
2017-03-04,176.0,0.0
2017-03-05,146.0,0.0
2017-03-06,145.0,0.0
2017-03-07,156.0,0.0
2017-03-08,138.0,0.0
2017-03-09,218.0,0.0
2017-03-10,198.0,0.0
2017-03-11,195.0,0.0
2017-03-12,162.0,0.0
2017-03-13,190.0,0.0
2017-03-14,42.0,0.0
2017-03-15,90.0,0.0
2017-03-16,166.0,2.0
2017-03-17,201.0,0.0
2017-03-18,130.0,0.0
2017-03-19,163.0,0.0
2017-03-20,219.0,0.0
2017-03-21,153.0,0.0
2017-03-22,186.0,0.0
2017-03-23,202.0,0.0
2017-03-24,184.0,0.0
2017-03-25,172.0,0.0
2017-03-26,146.0,0.0
2017-03-27,178.0,0.0
2017-03-28,143.0,0.0
2017-03-29,230.0,0.0
2017-03-30,170.0,0.0
2017-03-31,178.0,0.0
2017-04-01,124.0,0.0
2017-04-02,156.0,0.0
2017-04-03,172.0,0.0
2017-04-04,143.0,0.0
2017-04-05,176.0,0.0
2017-04-06,184.0,0.0
2017-04-07,202.0,0.0
2017-04-08,160.0,2.0
2017-04-09,174.0,2.0
2017-04-10,124.0,0.0
2017-04-11,146.0,0.0
2017-04-12,156.0,0.0
2017-04-13,134.0,2.0
2017-04-14,176.0,0.0
2017-04-15,180.0,0.0
2017-04-16,148.0,0.0
2017-04-17,150.0,0.0
2017-04-18,130.0,0.0
2017-04-19,158.0,0.0
2017-04-20,164.0,0.0
2017-04-21,212.0,0.0
2017-04-22,162.0,0.0
2017-04-23,158.0,0.0
2017-04-24,162.0,0.0
2017-04-25,220.0,0.0
2017-04-26,168.0,0.0
2017-04-27,188.0,0.0
2017-04-28,234.0,0.0
2017-04-29,232.0,2.0
2017-04-30,132.0,0.0
2017-05-01,182.0,0.0
2017-05-02,228.0,0.0
2017-05-03,160.0,0.0
2017-05-04,211.0,0.0
2017-05-05,216.0,0.0
2017-05-06,281.0,0.0
2017-05-07,173.0,0.0
2017-05-08,246.0,0.0
2017-05-09,164.0,0.0
2017-05-10,174.0,0.0
2017-05-11,248.0,0.0
2017-05-12,216.0,0.0
2017-05-13,225.0,0.0
2017-05-14,170.0,0.0
2017-05-15,180.0,0.0
2017-05-16,180.0,0.0
2017-05-17,248.0,0.0
2017-05-18,363.0,2.0
2017-05-19,214.0,0.0
2017-05-20,186.0,0.0
2017-05-21,224.0,0.0
2017-05-22,214.0,0.0
2017-05-23,198.0,0.0
2017-05-24,158.0,0.0
2017-05-25,252.0,0.0
2017-05-26,246.0,0.0
2017-05-27,140.0,0.0
2017-05-28,186.0,0.0
2017-05-29,92.0,0.0
2017-05-30,206.0,0.0
2017-05-31,234.0,0.0
2017-06-01,198.0,0.0
2017-06-02,236.0,0.0
2017-06-03,236.0,0.0
2017-06-04,160.0,0.0
2017-06-05,168.0,0.0
2017-06-06,240.0,0.0
2017-06-07,204.0,0.0
2017-06-08,230.0,0.0
2017-06-09,206.0,0.0
2017-06-10,206.0,0.0
2017-06-11,236.0,0.0
2017-06-12,240.0,0.0
2017-06-13,234.0,0.0
2017-06-14,252.0,0.0
2017-06-15,234.0,0.0
2017-06-16,190.0,0.0
2017-06-17,200.0,4.0
2017-06-18,240.0,0.0
2017-06-19,234.0,0.0
2017-06-20,207.0,0.0
2017-06-21,240.0,0.0
2017-06-22,236.0,0.0
2017-06-23,248.0,0.0
2017-06-24,262.0,2.0
2017-06-25,208.0,0.0
2017-06-26,168.0,0.0
2017-06-27,266.0,0.0
2017-06-28,226.0,0.0
2017-06-29,201.0,0.0
2017-06-30,224.0,0.0
2017-07-01,266.0,0.0
2017-07-02,196.0,0.0
2017-07-03,150.0,0.0
2017-07-04,194.0,0.0
2017-07-05,178.0,0.0
2017-07-06,194.0,0.0
2017-07-07,220.0,0.0
2017-07-08,170.0,0.0
2017-07-09,186.0,0.0
2017-07-10,198.0,0.0
2017-07-11,184.0,0.0
2017-07-12,204.0,0.0
2017-07-13,238.0,0.0
2017-07-14,206.0,0.0
2017-07-15,172.0,0.0
2017-07-16,178.0,0.0
2017-07-17,179.0,0.0
2017-07-18,240.0,0.0
2017-07-19,238.0,2.0
2017-07-20,195.0,1.0
2017-07-21,188.0,0.0
2017-07-22,212.0,0.0
2017-07-23,168.0,0.0
2017-07-24,202.0,0.0
2017-07-25,192.0,0.0
2017-07-26,226.0,0.0
2017-07-27,192.0,0.0
2017-07-28,224.0,0.0
2017-07-29,160.0,2.0
2017-07-30,226.0,0.0
2017-07-31,176.0,0.0
2017-08-01,264.0,0.0
2017-08-02,192.0,0.0
2017-08-03,256.0,0.0
2017-08-04,218.0,0.0
2017-08-05,158.0,0.0
2017-08-06,134.0,0.0
2017-08-07,210.0,0.0
2017-08-08,204.0,0.0
2017-08-09,180.0,0.0
2017-08-10,174.0,0.0
2017-08-11,138.0,0.0
2017-08-12,128.0,0.0
2017-08-13,210.0,0.0
2017-08-14,122.0,0.0
2017-08-15,161.0,0.0
2017-08-16,154.0,0.0
2017-08-17,148.0,0.0
2017-08-18,132.0,0.0
2017-08-19,190.0,0.0
2017-08-20,174.0,0.0
2017-08-21,180.0,0.0
2017-08-22,174.0,0.0
2017-08-23,160.0,0.0
2017-08-24,224.0,0.0
2017-08-25,204.0,0.0
2017-08-26,156.0,0.0
2017-08-27,140.0,0.0
2017-08-28,182.0,0.0
2017-08-29,184.0,0.0
2017-08-30,154.0,0.0
2017-08-31,170.0,0.0
2017-09-01,172.0,0.0
2017-09-02,172.0,0.0
2017-09-03,164.0,2.0
2017-09-04,202.0,0.0
2017-09-05,212.0,0.0
2017-09-06,162.0,0.0
2017-09-07,234.0,0.0
2017-09-08,166.0,0.0
2017-09-09,232.0,0.0
2017-09-10,134.0,2.0
2017-09-11,162.0,0.0
2017-09-12,166.0,0.0
2017-09-13,216.0,0.0
2017-09-14,182.0,0.0
2017-09-15,266.0,0.0
2017-09-16,168.0,0.0
2017-09-17,173.0,0.0
2017-09-18,216.0,8.0
2017-09-19,181.0,0.0
2017-09-20,180.0,0.0
2017-09-21,138.0,0.0
2017-09-22,142.0,2.0
2017-09-23,174.0,0.0
2017-09-24,190.0,0.0
2017-09-25,142.0,0.0
2017-09-26,216.0,0.0
2017-09-27,184.0,0.0
2017-09-28,216.0,0.0
2017-09-29,177.0,0.0
2017-09-30,134.0,0.0
2017-10-01,150.0,0.0
2017-10-02,206.0,0.0
2017-10-03,164.0,0.0
2017-10-04,226.0,0.0
2017-10-05,162.0,0.0
2017-10-06,166.0,2.0
2017-10-07,162.0,0.0
2017-10-08,132.0,0.0
2017-10-09,174.0,0.0
2017-10-10,180.0,0.0
2017-10-11,156.0,0.0
2017-10-12,162.0,0.0
2017-10-13,172.0,0.0
2017-10-14,148.0,0.0
2017-10-15,144.0,0.0
2017-10-16,194.0,0.0
2017-10-17,192.0,0.0
2017-10-18,180.0,0.0
2017-10-19,240.0,0.0
2017-10-20,290.0,0.0
2017-10-21,144.0,0.0
2017-10-22,148.0,0.0
2017-10-23,146.0,0.0
2017-10-24,164.0,0.0
2017-10-25,172.0,0.0
2017-10-26,134.0,0.0
2017-10-27,223.0,0.0
2017-10-28,152.0,0.0
2017-10-29,191.0,0.0
2017-10-30,222.0,0.0
2017-10-31,184.0,16.0
2017-11-01,190.0,0.0
2017-11-02,198.0,2.0
2017-11-03,200.0,0.0
2017-11-04,144.0,0.0
2017-11-05,168.0,0.0
2017-11-06,151.0,0.0
2017-11-07,206.0,0.0
2017-11-08,176.0,0.0
2017-11-09,178.0,0.0
2017-11-10,200.0,0.0
2017-11-11,202.0,0.0
2017-11-12,115.0,0.0
2017-11-13,158.0,0.0
2017-11-14,181.0,0.0
2017-11-15,232.0,0.0
2017-11-16,282.0,0.0
2017-11-17,222.0,0.0
2017-11-18,207.0,0.0
2017-11-19,176.0,0.0
2017-11-20,200.0,0.0
2017-11-21,198.0,0.0
2017-11-22,188.0,0.0
2017-11-23,188.0,0.0
2017-11-24,154.0,0.0
2017-11-25,124.0,2.0
2017-11-26,180.0,2.0
2017-11-27,158.0,0.0
2017-11-28,194.0,0.0
2017-11-29,208.0,0.0
2017-11-30,196.0,0.0
2017-12-01,234.0,0.0
2017-12-02,116.0,0.0
2017-12-03,138.0,2.0
2017-12-04,268.0,0.0
2017-12-05,226.0,0.0
2017-12-06,164.0,0.0
2017-12-07,224.0,0.0
2017-12-08,200.0,0.0
2017-12-09,178.0,0.0
2017-12-10,220.0,0.0
2017-12-11,204.0,0.0
2017-12-12,168.0,0.0
2017-12-13,212.0,0.0
2017-12-14,212.0,0.0
2017-12-15,232.0,0.0
2017-12-16,163.0,0.0
2017-12-17,204.0,2.0
2017-12-18,194.0,0.0
2017-12-19,189.0,0.0
2017-12-20,186.0,0.0
2017-12-21,192.0,0.0
2017-12-22,216.0,0.0
2017-12-23,158.0,0.0
2017-12-24,130.0,0.0
2017-12-25,106.0,0.0
2017-12-26,148.0,0.0
2017-12-27,148.0,0.0
2017-12-28,142.0,0.0
2017-12-29,142.0,0.0
2017-12-30,148.0,0.0
2017-12-31,122.0,0.0
2018-01-01,132.0,0.0
2018-01-02,166.0,0.0
2018-01-03,178.0,0.0
2018-01-04,56.0,0.0
2018-01-05,130.0,0.0
2018-01-06,118.0,0.0
2018-01-07,108.0,0.0
2018-01-08,194.0,0.0
2018-01-09,200.0,0.0
2018-01-10,210.0,0.0
2018-01-11,236.0,0.0
2018-01-12,198.0,0.0
2018-01-13,216.0,0.0
2018-01-14,136.0,0.0
2018-01-15,208.0,2.0
2018-01-16,162.0,0.0
2018-01-17,154.0,0.0
2018-01-18,190.0,0.0
2018-01-19,108.0,0.0
2018-01-20,154.0,0.0
2018-01-21,142.0,0.0
2018-01-22,174.0,0.0
2018-01-23,196.0,0.0
2018-01-24,147.0,0.0
2018-01-25,202.0,2.0
2018-01-26,212.0,0.0
2018-01-27,168.0,0.0
2018-01-28,139.0,0.0
2018-01-29,180.0,0.0
2018-01-30,132.0,0.0
2018-01-31,168.0,0.0
2018-02-01,170.0,0.0
2018-02-02,160.0,0.0
2018-02-03,106.0,2.0
2018-02-04,212.0,0.0
2018-02-05,190.0,0.0
2018-02-06,154.0,0.0
2018-02-07,230.0,0.0
2018-02-08,166.0,0.0
2018-02-09,132.0,0.0
2018-02-10,158.0,0.0
2018-02-11,178.0,0.0
2018-02-12,140.0,0.0
2018-02-13,184.0,0.0
2018-02-14,164.0,2.0
2018-02-15,148.0,0.0
2018-02-16,158.0,0.0
2018-02-17,165.0,0.0
2018-02-18,140.0,0.0
2018-02-19,150.0,0.0
2018-02-20,166.0,0.0
2018-02-21,182.0,0.0
2018-02-22,154.0,0.0
2018-02-23,152.0,0.0
2018-02-24,188.0,0.0
2018-02-25,162.0,0.0
2018-02-26,110.0,0.0
2018-02-27,164.0,0.0
2018-02-28,182.0,0.0
2018-03-01,202.0,0.0
2018-03-02,248.0,2.0
2018-03-03,171.0,0.0
2018-03-04,128.0,0.0
2018-03-05,136.0,4.0
2018-03-06,174.0,0.0
2018-03-07,206.0,0.0
2018-03-08,202.0,0.0
2018-03-09,169.0,0.0
2018-03-10,136.0,0.0
2018-03-11,176.0,0.0
2018-03-12,174.0,0.0
2018-03-13,174.0,0.0
2018-03-14,152.0,0.0
2018-03-15,222.0,0.0
2018-03-16,210.0,0.0
2018-03-17,134.0,0.0
2018-03-18,114.0,0.0
2018-03-19,160.0,2.0
2018-03-20,192.0,0.0
2018-03-21,143.0,0.0
2018-03-22,206.0,0.0
2018-03-23,186.0,0.0
2018-03-24,140.0,0.0
2018-03-25,176.0,0.0
2018-03-26,214.0,0.0
2018-03-27,176.0,0.0
2018-03-28,170.0,0.0
2018-03-29,184.0,0.0
2018-03-30,140.0,0.0
2018-03-31,214.0,0.0
2018-04-01,144.0,0.0
2018-04-02,150.0,0.0
2018-04-03,158.0,0.0
2018-04-04,134.0,0.0
2018-04-05,140.0,0.0
2018-04-06,246.0,0.0
2018-04-07,144.0,0.0
2018-04-08,90.0,0.0
2018-04-09,180.0,0.0
2018-04-10,240.0,0.0
2018-04-11,154.0,0.0
2018-04-12,158.0,0.0
2018-04-13,198.0,0.0
2018-04-14,234.0,0.0
2018-04-15,186.0,0.0
2018-04-16,204.0,0.0
2018-04-17,182.0,0.0
2018-04-18,150.0,0.0
2018-04-19,174.0,0.0
2018-04-20,217.0,0.0
2018-04-21,186.0,2.0
2018-04-22,154.0,0.0
2018-04-23,232.0,0.0
2018-04-24,202.0,0.0
2018-04-25,154.0,0.0
2018-04-26,232.0,0.0
2018-04-27,126.0,0.0
2018-04-28,154.0,0.0
2018-04-29,165.0,0.0
2018-04-30,216.0,0.0
2018-05-01,188.0,0.0
2018-05-02,184.0,0.0
2018-05-03,222.0,2.0
2018-05-04,248.0,0.0
2018-05-05,212.0,0.0
2018-05-06,140.0,0.0
2018-05-07,206.0,0.0
2018-05-08,268.0,0.0
2018-05-09,172.0,0.0
2018-05-10,236.0,0.0
2018-05-11,272.0,0.0
2018-05-12,190.0,0.0
2018-05-13,204.0,0.0
2018-05-14,219.0,0.0
2018-05-15,198.0,0.0
2018-05-16,212.0,0.0
2018-05-17,241.0,0.0
2018-05-18,148.0,0.0
2018-05-19,175.0,0.0
2018-05-20,192.0,0.0
2018-05-21,224.0,0.0
2018-05-22,154.0,0.0
2018-05-23,264.0,0.0
2018-05-24,254.0,2.0
2018-05-25,232.0,0.0
2018-05-26,244.0,2.0
2018-05-27,168.0,2.0
2018-05-28,184.0,0.0
2018-05-29,184.0,0.0
2018-05-30,210.0,0.0
2018-05-31,188.0,0.0
2018-06-01,186.0,0.0
2018-06-02,217.0,0.0
2018-06-03,168.0,0.0
2018-06-04,160.0,0.0
2018-06-05,188.0,0.0
2018-06-06,224.0,0.0
2018-06-07,203.0,0.0
2018-06-08,276.0,2.0
2018-06-09,220.0,0.0
2018-06-10,202.0,0.0
2018-06-11,227.0,0.0
2018-06-12,192.0,2.0
2018-06-13,190.0,0.0
2018-06-14,210.0,0.0
2018-06-15,216.0,0.0
2018-06-16,256.0,2.0
2018-06-17,258.0,0.0
2018-06-18,256.0,0.0
2018-06-19,209.0,0.0
2018-06-20,216.0,0.0
2018-06-21,278.0,0.0
2018-06-22,228.0,0.0
2018-06-23,142.0,2.0
2018-06-24,174.0,2.0
2018-06-25,229.0,0.0
2018-06-26,253.0,0.0
2018-06-27,162.0,0.0
2018-06-28,235.0,0.0
2018-06-29,268.0,0.0
2018-06-30,186.0,0.0
2018-07-01,212.0,0.0
2018-07-02,196.0,0.0
2018-07-03,218.0,0.0
2018-07-04,142.0,0.0
2018-07-05,230.0,0.0
2018-07-06,216.0,0.0
2018-07-07,186.0,0.0
2018-07-08,176.0,0.0
2018-07-09,193.0,0.0
2018-07-10,260.0,0.0
2018-07-11,192.0,0.0
2018-07-12,194.0,0.0
2018-07-13,240.0,2.0
2018-07-14,218.0,0.0
2018-07-15,172.0,0.0
2018-07-16,222.0,0.0
2018-07-17,243.0,0.0
2018-07-18,216.0,0.0
2018-07-19,205.0,0.0
2018-07-20,240.0,0.0
2018-07-21,232.0,2.0
2018-07-22,160.0,0.0
2018-07-23,186.0,0.0
2018-07-24,188.0,0.0
2018-07-25,184.0,0.0
2018-07-26,218.0,0.0
2018-07-27,232.0,0.0
2018-07-28,186.0,0.0
2018-07-29,195.0,0.0
2018-07-30,220.0,0.0
2018-07-31,218.0,0.0
2018-08-01,206.0,0.0
2018-08-02,242.0,0.0
2018-08-03,294.0,0.0
2018-08-04,240.0,0.0
2018-08-05,180.0,2.0
2018-08-06,226.0,0.0
2018-08-07,230.0,0.0
2018-08-08,206.0,0.0
2018-08-09,223.0,0.0
2018-08-10,196.0,0.0
2018-08-11,180.0,0.0
2018-08-12,170.0,0.0
2018-08-13,174.0,0.0
2018-08-14,238.0,0.0
2018-08-15,181.0,0.0
2018-08-16,184.0,0.0
2018-08-17,192.0,0.0
2018-08-18,208.0,2.0
2018-08-19,208.0,0.0
2018-08-20,184.0,2.0
2018-08-21,188.0,0.0
2018-08-22,196.0,0.0
2018-08-23,158.0,0.0
2018-08-24,234.0,0.0
2018-08-25,268.0,0.0
2018-08-26,202.0,0.0
2018-08-27,200.0,0.0
2018-08-28,224.0,0.0
2018-08-29,212.0,0.0
2018-08-30,264.0,0.0
2018-08-31,170.0,0.0
2018-09-01,151.0,0.0
2018-09-02,239.0,0.0
2018-09-03,222.0,2.0
2018-09-04,218.0,2.0
2018-09-05,252.0,2.0
2018-09-06,236.0,0.0
2018-09-07,212.0,0.0
2018-09-08,200.0,0.0
2018-09-09,182.0,0.0
2018-09-10,202.0,0.0
2018-09-11,192.0,0.0
2018-09-12,188.0,0.0
2018-09-13,238.0,0.0
2018-09-14,218.0,0.0
2018-09-15,226.0,0.0
2018-09-16,202.0,0.0
2018-09-17,198.0,0.0
2018-09-18,234.0,0.0
2018-09-19,183.0,0.0
2018-09-20,200.0,0.0
2018-09-21,242.0,0.0
2018-09-22,242.0,0.0
2018-09-23,140.0,0.0
2018-09-24,178.0,0.0
2018-09-25,220.0,0.0
2018-09-26,230.0,0.0
2018-09-27,214.0,0.0
2018-09-28,232.0,0.0
2018-09-29,204.0,0.0
2018-09-30,164.0,0.0
2018-10-01,189.0,0.0
2018-10-02,186.0,0.0
2018-10-03,240.0,0.0
2018-10-04,239.0,0.0
2018-10-05,238.0,0.0
2018-10-06,142.0,0.0
2018-10-07,230.0,0.0
2018-10-08,182.0,0.0
2018-10-09,204.0,0.0
2018-10-10,202.0,0.0
2018-10-11,208.0,0.0
2018-10-12,218.0,0.0
2018-10-13,196.0,0.0
2018-10-14,180.0,0.0
2018-10-15,224.0,2.0
2018-10-16,204.0,0.0
2018-10-17,224.0,0.0
2018-10-18,230.0,0.0
2018-10-19,220.0,0.0
2018-10-20,218.0,0.0
2018-10-21,188.0,0.0
2018-10-22,172.0,0.0
2018-10-23,156.0,0.0
2018-10-24,226.0,0.0
2018-10-25,230.0,0.0
2018-10-26,192.0,0.0
2018-10-27,260.0,0.0
2018-10-28,196.0,0.0
2018-10-29,190.0,0.0
2018-10-30,220.0,0.0
2018-10-31,214.0,0.0
2018-11-01,173.0,0.0
2018-11-02,214.0,0.0
2018-11-03,214.0,0.0
2018-11-04,144.0,0.0
2018-11-05,230.0,0.0
2018-11-06,226.0,0.0
2018-11-07,275.0,0.0
2018-11-08,114.0,0.0
2018-11-09,290.0,0.0
2018-11-10,160.0,0.0
2018-11-11,154.0,0.0
2018-11-12,170.0,0.0
2018-11-13,188.0,0.0
2018-11-14,216.0,0.0
2018-11-15,258.0,2.0
2018-11-16,206.0,0.0
2018-11-17,154.0,0.0
2018-11-18,108.0,0.0
2018-11-19,224.0,0.0
2018-11-20,182.0,0.0
2018-11-21,178.0,0.0
2018-11-22,98.0,0.0
2018-11-23,142.0,2.0
2018-11-24,184.0,0.0
2018-11-25,166.0,0.0
2018-11-26,278.0,2.0
2018-11-27,198.0,0.0
2018-11-28,160.0,0.0
2018-11-29,166.0,0.0
2018-11-30,192.0,0.0
2018-12-01,252.0,0.0
2018-12-02,198.0,0.0
2018-12-03,196.0,0.0
2018-12-04,170.0,2.0
2018-12-05,214.0,0.0
2018-12-06,218.0,0.0
2018-12-07,214.0,0.0
2018-12-08,160.0,0.0
2018-12-09,126.0,0.0
2018-12-10,190.0,0.0
2018-12-11,206.0,0.0
2018-12-12,196.0,0.0
2018-12-13,194.0,0.0
2018-12-14,274.0,0.0
2018-12-15,234.0,0.0
2018-12-16,228.0,0.0
2018-12-17,198.0,0.0
2018-12-18,243.0,0.0
2018-12-19,246.0,2.0
2018-12-20,338.0,0.0
2018-12-21,214.0,0.0
2018-12-22,182.0,0.0
2018-12-23,148.0,0.0
2018-12-24,196.0,0.0
2018-12-25,140.0,0.0
2018-12-26,162.0,0.0
2018-12-27,230.0,0.0
2018-12-28,252.0,0.0
2018-12-29,186.0,2.0
2018-12-30,138.0,0.0
2018-12-31,200.0,0.0
2019-01-01,142.0,0.0
2019-01-02,164.0,0.0
2019-01-03,152.0,0.0
2019-01-04,186.0,0.0
2019-01-05,174.0,0.0
2019-01-06,128.0,0.0
2019-01-07,206.0,0.0
2019-01-08,192.0,0.0
2019-01-09,160.0,0.0
2019-01-10,130.0,0.0
2019-01-11,192.0,0.0
2019-01-12,164.0,0.0
2019-01-13,110.0,0.0
2019-01-14,222.0,0.0
2019-01-15,192.0,0.0
2019-01-16,166.0,0.0
2019-01-17,162.0,0.0
2019-01-18,186.0,0.0
2019-01-19,156.0,0.0
2019-01-20,138.0,2.0
2019-01-21,140.0,0.0
2019-01-22,164.0,0.0
2019-01-23,154.0,0.0
2019-01-24,232.0,0.0
2019-01-25,182.0,0.0
2019-01-26,144.0,0.0
2019-01-27,168.0,0.0
2019-01-28,168.0,0.0
2019-01-29,244.0,0.0
2019-01-30,148.0,0.0
2019-01-31,160.0,0.0
2019-02-01,118.0,0.0
2019-02-02,158.0,0.0
2019-02-03,124.0,0.0
2019-02-04,228.0,0.0
2019-02-05,166.0,2.0
2019-02-06,202.0,0.0
2019-02-07,150.0,0.0
2019-02-08,188.0,0.0
2019-02-09,184.0,0.0
2019-02-10,158.0,0.0
2019-02-11,158.0,0.0
2019-02-12,216.0,0.0
2019-02-13,160.0,0.0
2019-02-14,178.0,0.0
2019-02-15,200.0,0.0
2019-02-16,184.0,0.0
2019-02-17,118.0,0.0
2019-02-18,108.0,0.0
2019-02-19,148.0,0.0
2019-02-20,166.0,0.0
2019-02-21,156.0,0.0
2019-02-22,144.0,0.0
2019-02-23,164.0,0.0
2019-02-24,140.0,0.0
2019-02-25,164.0,0.0
2019-02-26,222.0,0.0
2019-02-27,148.0,0.0
2019-02-28,198.0,0.0
2019-03-01,174.0,0.0
2019-03-02,188.0,0.0
2019-03-03,176.0,0.0
2019-03-04,128.0,0.0
2019-03-05,154.0,0.0
2019-03-06,128.0,0.0
2019-03-07,146.0,0.0
2019-03-08,170.0,0.0
2019-03-09,168.0,0.0
2019-03-10,144.0,0.0
2019-03-11,232.0,0.0
2019-03-12,156.0,0.0
2019-03-13,146.0,0.0
2019-03-14,188.0,0.0
2019-03-15,232.0,0.0
2019-03-16,184.0,0.0
2019-03-17,132.0,0.0
2019-03-18,182.0,0.0
2019-03-19,244.0,0.0
2019-03-20,172.0,0.0
2019-03-21,204.0,0.0
2019-03-22,206.0,0.0
2019-03-23,150.0,0.0
2019-03-24,186.0,0.0
2019-03-25,166.0,0.0
2019-03-26,216.0,0.0
2019-03-27,172.0,0.0
2019-03-28,186.0,0.0
2019-03-29,192.0,0.0
2019-03-30,176.0,2.0
2019-03-31,136.0,0.0
2019-04-01,166.0,0.0
2019-04-02,184.0,0.0
2019-04-03,168.0,0.0
2019-04-04,234.0,0.0
2019-04-05,232.0,0.0
2019-04-06,214.0,0.0
2019-04-07,168.0,0.0
2019-04-08,188.0,0.0
2019-04-09,154.0,0.0
2019-04-10,220.0,0.0
2019-04-11,172.0,0.0
2019-04-12,278.0,0.0
2019-04-13,222.0,0.0
2019-04-14,146.0,0.0
2019-04-15,206.0,0.0
2019-04-16,158.0,2.0
2019-04-17,162.0,0.0
2019-04-18,134.0,0.0
2019-04-19,176.0,0.0
2019-04-20,170.0,0.0
2019-04-21,156.0,0.0
2019-04-22,152.0,0.0
2019-04-23,198.0,0.0
2019-04-24,234.0,0.0
2019-04-25,148.0,0.0
2019-04-26,172.0,0.0
2019-04-27,210.0,0.0
2019-04-28,106.0,0.0
2019-04-29,204.0,0.0
2019-04-30,190.0,0.0
2019-05-01,196.0,0.0
2019-05-02,226.0,0.0
2019-05-03,206.0,2.0
2019-05-04,160.0,0.0
2019-05-05,238.0,0.0
2019-05-06,240.0,0.0
2019-05-07,222.0,0.0
2019-05-08,218.0,2.0
2019-05-09,196.0,0.0
2019-05-10,258.0,0.0
2019-05-11,236.0,0.0
2019-05-12,150.0,0.0
2019-05-13,168.0,0.0
2019-05-14,186.0,0.0
2019-05-15,184.0,0.0
2019-05-16,182.0,0.0
2019-05-17,234.0,0.0
2019-05-18,246.0,0.0
2019-05-19,148.0,0.0
2019-05-20,226.0,0.0
2019-05-21,320.0,2.0
2019-05-22,214.0,0.0
2019-05-23,212.0,0.0
2019-05-24,238.0,0.0
2019-05-25,222.0,0.0
2019-05-26,250.0,0.0
2019-05-27,212.0,0.0
2019-05-28,214.0,0.0
2019-05-29,178.0,0.0
2019-05-30,220.0,0.0
2019-05-31,276.0,0.0
2019-06-01,232.0,0.0
2019-06-02,208.0,2.0
2019-06-03,240.0,0.0
2019-06-04,242.0,0.0
2019-06-05,210.0,0.0
2019-06-06,190.0,0.0
2019-06-07,282.0,0.0
2019-06-08,230.0,0.0
2019-06-09,204.0,0.0
2019-06-10,220.0,0.0
2019-06-11,226.0,0.0
2019-06-12,238.0,0.0
2019-06-13,200.0,0.0
2019-06-14,234.0,0.0
2019-06-15,232.0,0.0
2019-06-16,222.0,0.0
2019-06-17,128.0,0.0
2019-06-18,250.0,0.0
2019-06-19,186.0,0.0
2019-06-20,224.0,0.0
2019-06-21,294.0,0.0
2019-06-22,244.0,0.0
2019-06-23,220.0,0.0
2019-06-24,220.0,0.0
2019-06-25,242.0,0.0
2019-06-26,282.0,0.0
2019-06-27,268.0,2.0
2019-06-28,272.0,0.0
2019-06-29,268.0,0.0
2019-06-30,222.0,0.0
2019-07-01,248.0,0.0
2019-07-02,242.0,0.0
2019-07-03,196.0,0.0
2019-07-04,204.0,0.0
2019-07-05,222.0,0.0
2019-07-06,204.0,0.0
2019-07-07,164.0,2.0
2019-07-08,196.0,0.0
2019-07-09,190.0,0.0
2019-07-10,214.0,0.0
2019-07-11,218.0,0.0
2019-07-12,260.0,0.0
2019-07-13,162.0,0.0
2019-07-14,280.0,0.0
2019-07-15,236.0,0.0
2019-07-16,238.0,2.0
2019-07-17,234.0,0.0
2019-07-18,222.0,0.0
2019-07-19,190.0,2.0
2019-07-20,204.0,0.0
2019-07-21,210.0,0.0
2019-07-22,164.0,0.0
2019-07-23,184.0,0.0
2019-07-24,232.0,0.0
2019-07-25,194.0,0.0
2019-07-26,258.0,0.0
2019-07-27,182.0,0.0
2019-07-28,290.0,0.0
2019-07-29,232.0,0.0
2019-07-30,230.0,0.0
2019-07-31,180.0,2.0
2019-08-01,154.0,0.0
2019-08-02,198.0,0.0
2019-08-03,218.0,0.0
2019-08-04,216.0,0.0
2019-08-05,244.0,0.0
2019-08-06,220.0,0.0
2019-08-07,176.0,0.0
2019-08-08,238.0,0.0
2019-08-09,214.0,0.0
2019-08-10,242.0,2.0
2019-08-11,198.0,2.0
2019-08-12,192.0,0.0
2019-08-13,172.0,0.0
2019-08-14,212.0,0.0
2019-08-15,188.0,0.0
2019-08-16,170.0,0.0
2019-08-17,254.0,0.0
2019-08-18,198.0,0.0
2019-08-19,208.0,0.0
2019-08-20,224.0,0.0
2019-08-21,202.0,0.0
2019-08-22,166.0,0.0
2019-08-23,170.0,0.0
2019-08-24,204.0,0.0
2019-08-25,148.0,0.0
2019-08-26,158.0,0.0
2019-08-27,194.0,0.0
2019-08-28,248.0,0.0
2019-08-29,204.0,0.0
2019-08-30,168.0,0.0
2019-08-31,204.0,0.0
2019-09-01,176.0,0.0
2019-09-02,168.0,0.0
2019-09-03,218.0,0.0
2019-09-04,194.0,0.0
2019-09-05,212.0,0.0
2019-09-06,196.0,0.0
2019-09-07,144.0,0.0
2019-09-08,186.0,0.0
2019-09-09,198.0,0.0
2019-09-10,202.0,2.0
2019-09-11,186.0,0.0
2019-09-12,236.0,0.0
2019-09-13,190.0,0.0
2019-09-14,178.0,0.0
2019-09-15,196.0,0.0
2019-09-16,198.0,0.0
2019-09-17,178.0,2.0
2019-09-18,186.0,0.0
2019-09-19,162.0,0.0
2019-09-20,230.0,0.0
2019-09-21,220.0,0.0
2019-09-22,218.0,0.0
2019-09-23,244.0,0.0
2019-09-24,224.0,0.0
2019-09-25,208.0,0.0
2019-09-26,224.0,0.0
2019-09-27,282.0,0.0
2019-09-28,224.0,0.0
2019-09-29,150.0,0.0
2019-09-30,126.0,0.0
2019-10-01,186.0,0.0
2019-10-02,204.0,0.0
2019-10-03,240.0,0.0
2019-10-04,260.0,0.0
2019-10-05,166.0,0.0
2019-10-06,160.0,0.0
2019-10-07,180.0,0.0
2019-10-08,186.0,0.0
2019-10-09,156.0,0.0
2019-10-10,190.0,0.0
2019-10-11,202.0,0.0
2019-10-12,162.0,4.0
2019-10-13,154.0,0.0
2019-10-14,160.0,0.0
2019-10-15,184.0,0.0
2019-10-16,218.0,0.0
2019-10-17,168.0,0.0
2019-10-18,196.0,0.0
2019-10-19,196.0,0.0
2019-10-20,138.0,0.0
2019-10-21,202.0,0.0
2019-10-22,212.0,0.0
2019-10-23,264.0,0.0
2019-10-24,202.0,0.0
2019-10-25,228.0,0.0
2019-10-26,222.0,0.0
2019-10-27,148.0,0.0
2019-10-28,208.0,0.0
2019-10-29,220.0,0.0
2019-10-30,188.0,0.0
2019-10-31,268.0,0.0
2019-11-01,264.0,0.0
2019-11-02,176.0,0.0
2019-11-03,146.0,0.0
2019-11-04,230.0,0.0
2019-11-05,164.0,0.0
2019-11-06,168.0,2.0
2019-11-07,200.0,0.0
2019-11-08,196.0,0.0
2019-11-09,162.0,0.0
2019-11-10,138.0,0.0
2019-11-11,154.0,0.0
2019-11-12,232.0,0.0
2019-11-13,194.0,0.0
2019-11-14,170.0,0.0
2019-11-15,184.0,0.0
2019-11-16,170.0,0.0
2019-11-17,96.0,0.0
2019-11-18,288.0,0.0
2019-11-19,150.0,0.0
2019-11-20,138.0,0.0
2019-11-21,208.0,0.0
2019-11-22,192.0,0.0
2019-11-23,180.0,0.0
2019-11-24,228.0,0.0
2019-11-25,188.0,0.0
2019-11-26,210.0,0.0
2019-11-27,180.0,0.0
2019-11-28,102.0,0.0
2019-11-29,156.0,0.0
2019-11-30,160.0,0.0
2019-12-01,168.0,0.0
2019-12-02,238.0,0.0
2019-12-03,236.0,0.0
2019-12-04,172.0,0.0
2019-12-05,180.0,0.0
2019-12-06,124.0,0.0
2019-12-07,196.0,0.0
2019-12-08,158.0,2.0
2019-12-09,290.0,2.0
2019-12-10,206.0,0.0
2019-12-11,196.0,2.0
2019-12-12,184.0,0.0
2019-12-13,322.0,0.0
2019-12-14,202.0,0.0
2019-12-15,168.0,0.0
2019-12-16,164.0,0.0
2019-12-17,256.0,0.0
2019-12-18,184.0,0.0
2019-12-19,200.0,0.0
2019-12-20,272.0,0.0
2019-12-21,210.0,0.0
2019-12-22,198.0,0.0
2019-12-23,222.0,0.0
2019-12-24,184.0,0.0
2019-12-25,96.0,0.0
2019-12-26,176.0,0.0
2019-12-27,140.0,0.0
2019-12-28,124.0,0.0
2019-12-29,146.0,0.0
2019-12-30,178.0,0.0
2019-12-31,152.0,0.0
2020-01-01,142.0,0.0
2020-01-02,148.0,0.0
2020-01-03,182.0,0.0
2020-01-04,166.0,2.0
2020-01-05,124.0,0.0
2020-01-06,192.0,0.0
2020-01-07,202.0,2.0
2020-01-08,140.0,0.0
2020-01-09,206.0,0.0
2020-01-10,202.0,0.0
2020-01-11,162.0,0.0
2020-01-12,158.0,0.0
2020-01-13,164.0,0.0
2020-01-14,186.0,0.0
2020-01-15,182.0,0.0
2020-01-16,160.0,0.0
2020-01-17,156.0,2.0
2020-01-18,242.0,0.0
2020-01-19,104.0,0.0
2020-01-20,88.0,0.0
2020-01-21,200.0,0.0
2020-01-22,146.0,0.0
2020-01-23,168.0,0.0
2020-01-24,176.0,0.0
2020-01-25,162.0,2.0
2020-01-26,148.0,0.0
2020-01-27,104.0,0.0
2020-01-28,126.0,0.0
2020-01-29,178.0,0.0
2020-01-30,184.0,0.0
2020-01-31,178.0,0.0
2020-02-01,114.0,0.0
2020-02-02,122.0,0.0
2020-02-03,184.0,0.0
2020-02-04,162.0,0.0
2020-02-05,160.0,2.0
2020-02-06,234.0,0.0
2020-02-07,204.0,0.0
2020-02-08,120.0,0.0
2020-02-09,172.0,0.0
2020-02-10,248.0,0.0
2020-02-11,140.0,0.0
2020-02-12,134.0,0.0
2020-02-13,140.0,0.0
2020-02-14,174.0,0.0
2020-02-15,132.0,0.0
2020-02-16,146.0,0.0
2020-02-17,108.0,2.0
2020-02-18,170.0,2.0
2020-02-19,190.0,0.0
2020-02-20,164.0,0.0
2020-02-21,152.0,2.0
2020-02-22,148.0,0.0
2020-02-23,164.0,0.0
2020-02-24,154.0,0.0
2020-02-25,190.0,2.0
2020-02-26,160.0,0.0
2020-02-27,210.0,2.0
2020-02-28,154.0,0.0
2020-02-29,140.0,0.0
2020-03-01,136.0,0.0
2020-03-02,182.0,0.0
2020-03-03,224.0,0.0
2020-03-04,180.0,0.0
2020-03-05,206.0,0.0
2020-03-06,230.0,0.0
2020-03-07,170.0,0.0
2020-03-08,182.0,0.0
2020-03-09,204.0,0.0
2020-03-10,110.0,0.0
2020-03-11,144.0,0.0
2020-03-12,168.0,0.0
2020-03-13,166.0,0.0
2020-03-14,142.0,0.0
2020-03-15,136.0,0.0
2020-03-16,80.0,0.0
2020-03-17,98.0,0.0
2020-03-18,84.0,0.0
2020-03-19,82.0,0.0
2020-03-20,68.0,0.0
2020-03-21,78.0,0.0
2020-03-22,44.0,0.0
2020-03-23,62.0,0.0
2020-03-24,76.0,0.0
2020-03-25,48.0,0.0
2020-03-26,44.0,0.0
2020-03-27,56.0,0.0
2020-03-28,30.0,0.0
2020-03-29,16.0,0.0
2020-03-30,38.0,0.0
2020-03-31,52.0,0.0
2020-04-01,60.0,0.0
2020-04-02,34.0,0.0
2020-04-03,42.0,0.0
2020-04-04,64.0,0.0
2020-04-05,36.0,0.0
2020-04-06,44.0,0.0
2020-04-07,78.0,0.0
2020-04-08,54.0,0.0
2020-04-09,38.0,0.0
2020-04-10,46.0,0.0
2020-04-11,50.0,0.0
2020-04-12,52.0,0.0
2020-04-13,10.0,0.0
2020-04-14,34.0,0.0
2020-04-15,58.0,0.0
2020-04-16,44.0,0.0
2020-04-17,44.0,0.0
2020-04-18,34.0,0.0
2020-04-19,32.0,2.0
2020-04-20,48.0,0.0
2020-04-21,56.0,0.0
2020-04-22,66.0,0.0
2020-04-23,28.0,0.0
2020-04-24,46.0,0.0
2020-04-25,58.0,2.0
2020-04-26,56.0,0.0
2020-04-27,32.0,0.0
2020-04-28,48.0,0.0
2020-04-29,50.0,0.0
2020-04-30,56.0,0.0
2020-05-01,50.0,0.0
2020-05-02,80.0,0.0
2020-05-03,50.0,0.0
2020-05-04,86.0,0.0
2020-05-05,54.0,0.0
2020-05-06,60.0,0.0
2020-05-07,68.0,0.0
2020-05-08,78.0,0.0
2020-05-09,68.0,0.0
2020-05-10,122.0,0.0
2020-05-11,60.0,0.0
2020-05-12,76.0,0.0
2020-05-13,80.0,0.0
2020-05-14,70.0,0.0
2020-05-15,116.0,0.0
2020-05-16,128.0,0.0
2020-05-17,100.0,0.0
2020-05-18,84.0,0.0
2020-05-19,140.0,0.0
2020-05-20,58.0,0.0
2020-05-21,86.0,0.0
2020-05-22,152.0,2.0
2020-05-23,102.0,0.0
2020-05-24,102.0,2.0
2020-05-25,110.0,0.0
2020-05-26,84.0,0.0
2020-05-27,96.0,0.0
2020-05-28,90.0,0.0
2020-05-29,102.0,0.0
2020-05-30,116.0,0.0
2020-05-31,140.0,0.0
2020-06-01,96.0,0.0
2020-06-02,102.0,0.0
2020-06-03,128.0,0.0
2020-06-04,178.0,0.0
2020-06-05,136.0,0.0
2020-06-06,142.0,0.0
2020-06-07,122.0,0.0
2020-06-08,124.0,0.0
2020-06-09,140.0,0.0
2020-06-10,110.0,2.0
2020-06-11,136.0,0.0
2020-06-12,158.0,2.0
2020-06-13,184.0,2.0
2020-06-14,136.0,0.0
2020-06-15,106.0,0.0
2020-06-16,154.0,0.0
2020-06-17,144.0,0.0
2020-06-18,156.0,0.0
2020-06-19,156.0,0.0
2020-06-20,154.0,0.0
2020-06-21,140.0,0.0
2020-06-22,182.0,0.0
2020-06-23,210.0,0.0
2020-06-24,156.0,0.0
2020-06-25,146.0,0.0
2020-06-26,186.0,0.0
2020-06-27,158.0,2.0
2020-06-28,134.0,0.0
2020-06-29,158.0,2.0
2020-06-30,138.0,2.0
2020-07-01,150.0,0.0
2020-07-02,204.0,0.0
2020-07-03,154.0,0.0
2020-07-04,194.0,0.0
2020-07-05,190.0,2.0
2020-07-06,162.0,0.0
2020-07-07,132.0,0.0
2020-07-08,152.0,0.0
2020-07-09,166.0,0.0
2020-07-10,144.0,0.0
2020-07-11,170.0,6.0
2020-07-12,146.0,0.0
2020-07-13,168.0,0.0
2020-07-14,172.0,0.0
2020-07-15,162.0,2.0
2020-07-16,168.0,0.0
2020-07-17,150.0,0.0
2020-07-18,166.0,2.0
2020-07-19,164.0,0.0
2020-07-20,136.0,0.0
2020-07-21,190.0,0.0
2020-07-22,134.0,0.0
2020-07-23,158.0,0.0
2020-07-24,140.0,0.0
2020-07-25,168.0,0.0
2020-07-26,176.0,0.0
2020-07-27,168.0,0.0
2020-07-28,134.0,0.0
2020-07-29,152.0,0.0
2020-07-30,180.0,0.0
2020-07-31,148.0,0.0
2020-08-01,208.0,0.0
2020-08-02,120.0,0.0
2020-08-03,184.0,0.0
2020-08-04,148.0,0.0
2020-08-05,188.0,0.0
2020-08-06,150.0,0.0
2020-08-07,164.0,0.0
2020-08-08,130.0,0.0
2020-08-09,172.0,0.0
2020-08-10,160.0,0.0
2020-08-11,164.0,2.0
2020-08-12,192.0,0.0
2020-08-13,192.0,0.0
2020-08-14,158.0,0.0
2020-08-15,178.0,0.0
2020-08-16,134.0,2.0
2020-08-17,164.0,0.0
2020-08-18,158.0,0.0
2020-08-19,150.0,0.0
2020-08-20,172.0,0.0
2020-08-21,172.0,0.0
2020-08-22,172.0,0.0
2020-08-23,206.0,0.0
2020-08-24,150.0,0.0
2020-08-25,166.0,0.0
2020-08-26,178.0,0.0
2020-08-27,202.0,2.0
2020-08-28,164.0,0.0
2020-08-29,184.0,0.0
2020-08-30,210.0,2.0
2020-08-31,186.0,0.0
2020-09-01,184.0,0.0
2020-09-02,128.0,0.0
2020-09-03,248.0,0.0
2020-09-04,214.0,0.0
2020-09-05,184.0,2.0
2020-09-06,174.0,0.0
2020-09-07,166.0,0.0
2020-09-08,184.0,0.0
2020-09-09,172.0,0.0
2020-09-10,176.0,0.0
2020-09-11,282.0,0.0
2020-09-12,180.0,2.0
2020-09-13,150.0,0.0
2020-09-14,142.0,0.0
2020-09-15,134.0,2.0
2020-09-16,168.0,0.0
2020-09-17,194.0,2.0
2020-09-18,192.0,2.0
2020-09-19,164.0,2.0
2020-09-20,206.0,0.0
2020-09-21,144.0,0.0
2020-09-22,156.0,0.0
2020-09-23,176.0,0.0
2020-09-24,160.0,2.0
2020-09-25,158.0,0.0
2020-09-26,148.0,0.0
2020-09-27,182.0,0.0
2020-09-28,106.0,0.0
2020-09-29,206.0,0.0
2020-09-30,176.0,0.0
2020-10-01,166.0,0.0
2020-10-02,164.0,0.0
2020-10-03,216.0,4.0
2020-10-04,126.0,0.0
2020-10-05,174.0,0.0
2020-10-06,154.0,8.0
2020-10-07,150.0,0.0
2020-10-08,178.0,0.0
2020-10-09,130.0,0.0
2020-10-10,128.0,0.0
2020-10-11,126.0,0.0
2020-10-12,172.0,0.0
2020-10-13,150.0,0.0
2020-10-14,148.0,0.0
2020-10-15,172.0,0.0
2020-10-16,138.0,0.0
2020-10-17,166.0,0.0
2020-10-18,138.0,2.0
2020-10-19,102.0,0.0
2020-10-20,158.0,0.0
2020-10-21,170.0,0.0
2020-10-22,156.0,0.0
2020-10-23,146.0,0.0
2020-10-24,176.0,0.0
2020-10-25,138.0,0.0
2020-10-26,178.0,0.0
2020-10-27,120.0,0.0
2020-10-28,136.0,0.0
2020-10-29,192.0,2.0
2020-10-30,168.0,4.0
2020-10-31,154.0,0.0
2020-11-01,156.0,0.0
2020-11-02,160.0,0.0
2020-11-03,136.0,0.0
2020-11-04,118.0,0.0
2020-11-05,196.0,0.0
2020-11-06,202.0,0.0
2020-11-07,178.0,0.0
2020-11-08,164.0,0.0
2020-11-09,186.0,0.0
2020-11-10,178.0,0.0
2020-11-11,202.0,0.0
2020-11-12,156.0,0.0
2020-11-13,154.0,0.0
2020-11-14,132.0,0.0
2020-11-15,88.0,0.0
2020-11-16,114.0,2.0
2020-11-17,70.0,0.0
2020-11-18,130.0,0.0
2020-11-19,138.0,0.0
2020-11-20,146.0,4.0
2020-11-21,160.0,0.0
2020-11-22,112.0,0.0
2020-11-23,166.0,0.0
2020-11-24,164.0,0.0
2020-11-25,142.0,0.0
2020-11-26,98.0,0.0
2020-11-27,142.0,0.0
2020-11-28,130.0,0.0
2020-11-29,130.0,0.0
2020-11-30,128.0,0.0
2020-12-01,108.0,0.0
2020-12-02,130.0,0.0
2020-12-03,100.0,0.0
2020-12-04,180.0,0.0
2020-12-05,136.0,0.0
2020-12-06,94.0,0.0
2020-12-07,148.0,0.0
2020-12-08,178.0,0.0
2020-12-09,114.0,2.0
2020-12-10,156.0,0.0
2020-12-11,160.0,0.0
2020-12-12,132.0,0.0
2020-12-13,140.0,0.0
2020-12-14,120.0,0.0
2020-12-15,134.0,0.0
2020-12-16,112.0,0.0
2020-12-17,56.0,0.0
2020-12-18,74.0,0.0
2020-12-19,78.0,0.0
2020-12-20,98.0,0.0
2020-12-21,98.0,0.0
2020-12-22,126.0,0.0
2020-12-23,184.0,0.0
2020-12-24,180.0,2.0
2020-12-25,64.0,0.0
2020-12-26,102.0,0.0
2020-12-27,54.0,0.0
2020-12-28,98.0,0.0
2020-12-29,146.0,0.0
2020-12-30,116.0,0.0
2020-12-31,148.0,0.0
2021-01-01,114.0,4.0
2021-01-02,128.0,0.0
2021-01-03,92.0,0.0
2021-01-04,108.0,0.0
2021-01-05,92.0,0.0
2021-01-06,98.0,0.0
2021-01-07,128.0,0.0
2021-01-08,108.0,0.0
2021-01-09,116.0,0.0
2021-01-10,92.0,0.0
2021-01-11,94.0,0.0
2021-01-12,110.0,0.0
2021-01-13,84.0,0.0
2021-01-14,124.0,0.0
2021-01-15,122.0,0.0
2021-01-16,130.0,0.0
2021-01-17,130.0,0.0
2021-01-18,118.0,0.0
2021-01-19,108.0,0.0
2021-01-20,110.0,0.0
2021-01-21,116.0,0.0
2021-01-22,114.0,0.0
2021-01-23,112.0,0.0
2021-01-24,116.0,0.0
2021-01-25,102.0,0.0
2021-01-26,136.0,0.0
2021-01-27,80.0,0.0
2021-01-28,106.0,0.0
2021-01-29,126.0,2.0
2021-01-30,98.0,0.0
2021-01-31,130.0,0.0
2021-02-01,42.0,0.0
2021-02-02,50.0,0.0
2021-02-03,50.0,0.0
2021-02-04,80.0,0.0
2021-02-05,84.0,0.0
2021-02-06,100.0,0.0
2021-02-07,130.0,0.0
2021-02-08,116.0,0.0
2021-02-09,68.0,0.0
2021-02-10,128.0,0.0
2021-02-11,104.0,0.0
2021-02-12,84.0,0.0
2021-02-13,122.0,0.0
2021-02-14,72.0,0.0
2021-02-15,94.0,0.0
2021-02-16,56.0,0.0
2021-02-17,126.0,0.0
2021-02-18,90.0,0.0
2021-02-19,76.0,0.0
2021-02-20,118.0,0.0
2021-02-21,100.0,0.0
2021-02-22,88.0,0.0
2021-02-23,112.0,0.0
2021-02-24,128.0,0.0
2021-02-25,106.0,0.0
2021-02-26,182.0,0.0
2021-02-27,114.0,0.0
2021-02-28,110.0,0.0
2021-03-01,106.0,0.0
2021-03-02,142.0,0.0
2021-03-03,114.0,0.0
2021-03-04,100.0,0.0
2021-03-05,118.0,2.0
2021-03-06,96.0,0.0
2021-03-07,86.0,0.0
2021-03-08,132.0,0.0
2021-03-09,124.0,0.0
2021-03-10,104.0,0.0
2021-03-11,160.0,0.0
2021-03-12,148.0,0.0
2021-03-13,94.0,0.0
2021-03-14,108.0,0.0
2021-03-15,148.0,0.0
2021-03-16,78.0,0.0
2021-03-17,110.0,0.0
2021-03-18,84.0,0.0
2021-03-19,98.0,0.0
2021-03-20,136.0,0.0
2021-03-21,114.0,0.0
2021-03-22,106.0,0.0
2021-03-23,100.0,0.0
2021-03-24,97.0,0.0
2021-03-25,85.0,0.0
2021-03-26,187.0,0.0
2021-03-27,196.0,0.0
2021-03-28,63.0,0.0
2021-03-29,121.0,0.0
2021-03-30,120.0,0.0
2021-03-31,146.0,0.0
2021-04-01,166.0,0.0
2021-04-02,138.0,0.0
2021-04-03,159.0,0.0
2021-04-04,125.0,2.0
2021-04-05,159.0,0.0
2021-04-06,168.0,0.0
2021-04-07,176.0,0.0
2021-04-08,183.0,0.0
2021-04-09,107.0,0.0
2021-04-10,159.0,0.0
2021-04-11,128.0,0.0
2021-04-12,90.0,0.0
2021-04-13,148.0,0.0
2021-04-14,155.0,0.0
2021-04-15,155.0,0.0
2021-04-16,147.0,0.0
2021-04-17,121.0,0.0
2021-04-18,179.0,0.0
2021-04-19,164.0,0.0
2021-04-20,177.0,0.0
2021-04-21,157.0,2.0
2021-04-22,99.0,0.0
2021-04-23,154.0,0.0
2021-04-24,166.0,0.0
2021-04-25,207.0,0.0
2021-04-26,134.0,0.0
2021-04-27,113.0,0.0
2021-04-28,211.0,0.0
2021-04-29,154.0,0.0
2021-04-30,176.0,0.0
2021-05-01,169.0,0.0
2021-05-02,218.0,0.0
2021-05-03,206.0,0.0
2021-05-04,160.0,0.0
2021-05-05,202.0,0.0
2021-05-06,178.0,0.0
2021-05-07,151.0,0.0
2021-05-08,180.0,0.0
2021-05-09,160.0,0.0
2021-05-10,133.0,0.0
2021-05-11,193.0,0.0
2021-05-12,182.0,0.0
2021-05-13,176.0,0.0
2021-05-14,244.0,0.0
2021-05-15,165.0,0.0
2021-05-16,161.0,0.0
2021-05-17,157.0,2.0
2021-05-18,206.0,0.0
2021-05-19,166.0,0.0
2021-05-20,200.0,0.0
2021-05-21,174.0,0.0
2021-05-22,245.0,0.0
2021-05-23,190.0,0.0
2021-05-24,144.0,0.0
2021-05-25,240.0,0.0
2021-05-26,203.0,0.0
2021-05-27,263.0,0.0
2021-05-28,182.0,2.0
2021-05-29,76.0,0.0
2021-05-30,102.0,0.0
2021-05-31,156.0,0.0
2021-06-01,179.0,0.0
2021-06-02,165.0,0.0
2021-06-03,143.0,0.0
2021-06-04,142.0,0.0
2021-06-05,184.0,0.0
2021-06-06,201.0,0.0
2021-06-07,216.0,0.0
2021-06-08,198.0,0.0
2021-06-09,206.0,0.0
2021-06-10,175.0,2.0
2021-06-11,192.0,0.0
2021-06-12,190.0,0.0
2021-06-13,187.0,2.0
2021-06-14,155.0,0.0
2021-06-15,202.0,0.0
2021-06-16,215.0,0.0
2021-06-17,213.0,0.0
2021-06-18,220.0,0.0
2021-06-19,173.0,0.0
2021-06-20,174.0,0.0
2021-06-21,209.0,0.0
2021-06-22,161.0,0.0
2021-06-23,200.0,0.0
2021-06-24,217.0,0.0
2021-06-25,182.0,0.0
2021-06-26,203.0,0.0
2021-06-27,166.0,0.0
2021-06-28,158.0,2.0
2021-06-29,205.0,2.0
2021-06-30,201.0,0.0
2021-07-01,198.0,0.0
2021-07-02,248.0,0.0
2021-07-03,153.0,0.0
2021-07-04,165.0,0.0
2021-07-05,132.0,0.0
2021-07-06,158.0,0.0
2021-07-07,146.0,0.0
2021-07-08,188.0,0.0
2021-07-09,214.0,0.0
2021-07-10,166.0,0.0
2021-07-11,128.0,0.0
2021-07-12,149.0,0.0
2021-07-13,122.0,0.0
2021-07-14,155.0,0.0
2021-07-15,191.0,0.0
2021-07-16,159.0,0.0
2021-07-17,204.0,2.0
2021-07-18,234.0,0.0
2021-07-19,151.0,0.0
2021-07-20,187.0,0.0
2021-07-21,189.0,0.0
2021-07-22,182.0,0.0
2021-07-23,162.0,0.0
2021-07-24,218.0,4.0
2021-07-25,150.0,0.0
2021-07-26,216.0,0.0
2021-07-27,168.0,0.0
2021-07-28,164.0,0.0
2021-07-29,216.0,0.0
2021-07-30,179.0,0.0
2021-07-31,187.0,0.0
2021-08-01,139.0,2.0
2021-08-02,167.0,0.0
2021-08-03,177.0,0.0
2021-08-04,116.0,0.0
2021-08-05,158.0,2.0
2021-08-06,247.0,0.0
2021-08-07,190.0,2.0
2021-08-08,160.0,0.0
2021-08-09,178.0,0.0
2021-08-10,190.0,2.0
2021-08-11,134.0,0.0
2021-08-12,170.0,0.0
2021-08-13,235.0,0.0
2021-08-14,156.0,0.0
2021-08-15,177.0,0.0
2021-08-16,142.0,0.0
2021-08-17,181.0,0.0
2021-08-18,175.0,0.0
2021-08-19,135.0,0.0
2021-08-20,157.0,0.0
2021-08-21,186.0,2.0
2021-08-22,181.0,0.0
2021-08-23,145.0,0.0
2021-08-24,214.0,0.0
2021-08-25,188.0,0.0
2021-08-26,205.0,0.0
2021-08-27,188.0,2.0
2021-08-28,179.0,0.0
2021-08-29,229.0,0.0
2021-08-30,181.0,0.0
2021-08-31,184.0,2.0
2021-09-01,129.0,0.0
2021-09-02,164.0,2.0
2021-09-03,165.0,0.0
2021-09-04,215.0,0.0
2021-09-05,216.0,0.0
2021-09-06,241.0,0.0
2021-09-07,186.0,2.0
2021-09-08,204.0,0.0
2021-09-09,161.0,0.0
2021-09-10,194.0,0.0
2021-09-11,158.0,2.0
2021-09-12,204.0,0.0
2021-09-13,189.0,0.0
2021-09-14,219.0,0.0
2021-09-15,197.0,0.0
2021-09-16,114.0,0.0
2021-09-17,197.0,0.0
2021-09-18,210.0,0.0
2021-09-19,209.0,0.0
2021-09-20,172.0,0.0
2021-09-21,164.0,0.0
2021-09-22,163.0,0.0
2021-09-23,170.0,0.0
2021-09-24,217.0,0.0
2021-09-25,211.0,2.0
2021-09-26,225.0,0.0
2021-09-27,156.0,0.0
2021-09-28,155.0,2.0
2021-09-29,218.0,0.0
2021-09-30,186.0,0.0
2021-10-01,233.0,0.0
2021-10-02,177.0,0.0
2021-10-03,128.0,0.0
2021-10-04,155.0,0.0
2021-10-05,172.0,0.0
2021-10-06,129.0,0.0
2021-10-07,210.0,0.0
2021-10-08,193.0,0.0
2021-10-09,182.0,0.0
2021-10-10,182.0,0.0
2021-10-11,151.0,0.0
2021-10-12,183.0,0.0
2021-10-13,153.0,0.0
2021-10-14,178.0,0.0
2021-10-15,204.0,0.0
2021-10-16,201.0,0.0
2021-10-17,166.0,0.0
2021-10-18,153.0,0.0
2021-10-19,151.0,0.0
2021-10-20,205.0,0.0
2021-10-21,200.0,0.0
2021-10-22,215.0,0.0
2021-10-23,128.0,0.0
2021-10-24,125.0,0.0
2021-10-25,119.0,0.0
2021-10-26,199.0,0.0
2021-10-27,179.0,0.0
2021-10-28,208.0,0.0
2021-10-29,197.0,0.0
2021-10-30,219.0,0.0
2021-10-31,218.0,0.0
2021-11-01,152.0,0.0
2021-11-02,166.0,0.0
2021-11-03,181.0,0.0
2021-11-04,136.0,0.0
2021-11-05,242.0,0.0
2021-11-06,231.0,0.0
2021-11-07,128.0,0.0
2021-11-08,193.0,0.0
2021-11-09,187.0,0.0
2021-11-10,178.0,0.0
2021-11-11,158.0,0.0
2021-11-12,206.0,0.0
2021-11-13,171.0,0.0
2021-11-14,144.0,0.0
2021-11-15,197.0,0.0
2021-11-16,174.0,0.0
2021-11-17,185.0,0.0
2021-11-18,224.0,0.0
2021-11-19,209.0,0.0
2021-11-20,207.0,0.0
2021-11-21,119.0,0.0
2021-11-22,156.0,0.0
2021-11-23,143.0,0.0
2021-11-24,207.0,0.0
2021-11-25,143.0,0.0
2021-11-26,111.0,0.0
2021-11-27,138.0,0.0
2021-11-28,149.0,0.0
2021-11-29,168.0,0.0
2021-11-30,172.0,0.0
2021-12-01,122.0,0.0
2021-12-02,205.0,0.0
2021-12-03,162.0,0.0
2021-12-04,142.0,0.0
2021-12-05,166.0,0.0
2021-12-06,225.0,0.0
2021-12-07,178.0,0.0
2021-12-08,174.0,0.0
2021-12-09,179.0,0.0
2021-12-10,163.0,0.0
2021-12-11,177.0,0.0
2021-12-12,162.0,0.0
2021-12-13,153.0,0.0
2021-12-14,186.0,0.0
2021-12-15,166.0,0.0
2021-12-16,236.0,0.0
2021-12-17,193.0,2.0
2021-12-18,141.0,0.0
2021-12-19,144.0,0.0
2021-12-20,168.0,0.0
2021-12-21,110.0,0.0
2021-12-22,147.0,0.0
2021-12-23,194.0,0.0
2021-12-24,122.0,0.0
2021-12-25,124.0,0.0
2021-12-26,102.0,0.0
2021-12-27,110.0,0.0
2021-12-28,150.0,0.0
2021-12-29,96.0,0.0
2021-12-30,126.0,0.0
2021-12-31,119.0,0.0
2022-01-01,153.0,0.0
2022-01-02,83.0,0.0
2022-01-03,85.0,0.0
2022-01-04,106.0,2.0
2022-01-05,167.0,0.0
2022-01-06,119.0,0.0
2022-01-07,133.0,0.0
2022-01-08,96.0,2.0
2022-01-09,107.0,0.0
2022-01-10,138.0,0.0
2022-01-11,125.0,0.0
2022-01-12,116.0,0.0
2022-01-13,163.0,0.0
2022-01-14,153.0,0.0
2022-01-15,98.0,0.0
2022-01-16,89.0,0.0
2022-01-17,65.0,0.0
2022-01-18,117.0,0.0
2022-01-19,112.0,0.0
2022-01-20,133.0,0.0
2022-01-21,108.0,0.0
2022-01-22,143.0,0.0
2022-01-23,109.0,0.0
2022-01-24,118.0,0.0
2022-01-25,113.0,0.0
2022-01-26,143.0,0.0
2022-01-27,136.0,0.0
2022-01-28,112.0,0.0
2022-01-29,54.0,0.0
2022-01-30,82.0,0.0
2022-01-31,108.0,0.0
2022-02-01,99.0,0.0
2022-02-02,131.0,0.0
2022-02-03,114.0,0.0
2022-02-04,168.0,0.0
2022-02-05,162.0,0.0
2022-02-06,123.0,2.0
2022-02-07,118.0,0.0
2022-02-08,120.0,0.0
2022-02-09,99.0,0.0
2022-02-10,163.0,0.0
2022-02-11,162.0,0.0
2022-02-12,114.0,0.0
2022-02-13,124.0,0.0
2022-02-14,98.0,0.0
2022-02-15,142.0,0.0
2022-02-16,142.0,0.0
2022-02-17,125.0,0.0
2022-02-18,158.0,0.0
2022-02-19,143.0,0.0
2022-02-20,114.0,0.0
2022-02-21,106.0,2.0
2022-02-22,116.0,2.0
2022-02-23,126.0,0.0
2022-02-24,96.0,0.0
2022-02-25,97.0,0.0
2022-02-26,105.0,2.0
2022-02-27,133.0,0.0
2022-02-28,126.0,0.0
2022-03-01,105.0,0.0
2022-03-02,203.0,0.0
2022-03-03,152.0,0.0
2022-03-04,135.0,2.0
2022-03-05,150.0,0.0
2022-03-06,131.0,0.0
2022-03-07,198.0,0.0
2022-03-08,112.0,0.0
2022-03-09,119.0,0.0
2022-03-10,175.0,0.0
2022-03-11,196.0,0.0
2022-03-12,130.0,0.0
2022-03-13,141.0,0.0
2022-03-14,190.0,0.0
2022-03-15,163.0,0.0
2022-03-16,164.0,0.0
2022-03-17,144.0,0.0
2022-03-18,204.0,0.0
2022-03-19,164.0,0.0
2022-03-20,174.0,0.0
2022-03-21,175.0,0.0
2022-03-22,139.0,0.0
2022-03-23,153.0,0.0
2022-03-24,139.0,0.0
2022-03-25,119.0,0.0
2022-03-26,175.0,0.0
2022-03-27,131.0,0.0
2022-03-28,168.0,2.0
2022-03-29,175.0,0.0
2022-03-30,132.0,0.0
2022-03-31,144.0,0.0
2022-04-01,174.0,0.0
2022-04-02,166.0,0.0
2022-04-03,122.0,0.0
2022-04-04,146.0,0.0
2022-04-05,144.0,0.0
2022-04-06,137.0,0.0
2022-04-07,157.0,0.0
2022-04-08,227.0,0.0
2022-04-09,158.0,0.0
2022-04-10,176.0,0.0
2022-04-11,129.0,0.0
2022-04-12,142.0,0.0
2022-04-13,185.0,0.0
2022-04-14,194.0,0.0
2022-04-15,182.0,0.0
2022-04-16,176.0,0.0
2022-04-17,145.0,0.0
2022-04-18,93.0,0.0
2022-04-19,128.0,0.0
2022-04-20,169.0,0.0
2022-04-21,149.0,0.0
2022-04-22,121.0,0.0
2022-04-23,93.0,0.0
2022-04-24,111.0,0.0
2022-04-25,84.0,0.0
2022-04-26,109.0,0.0
2022-04-27,92.0,0.0
2022-04-28,121.0,0.0
2022-04-29,185.0,0.0
2022-04-30,126.0,0.0
2022-05-01,112.0,0.0
2022-05-02,129.0,2.0
2022-05-03,83.0,0.0
2022-05-04,120.0,0.0
2022-05-05,148.0,0.0
2022-05-06,177.0,0.0
2022-05-07,107.0,0.0
2022-05-08,120.0,0.0
2022-05-09,121.0,0.0
2022-05-10,158.0,0.0
2022-05-11,153.0,0.0
2022-05-12,169.0,0.0
2022-05-13,220.0,0.0
2022-05-14,140.0,0.0
2022-05-15,147.0,0.0
2022-05-16,100.0,0.0
2022-05-17,180.0,0.0
2022-05-18,210.0,0.0
2022-05-19,169.0,0.0
2022-05-20,175.0,0.0
2022-05-21,187.0,0.0
2022-05-22,199.0,2.0
2022-05-23,163.0,0.0
2022-05-24,161.0,0.0
2022-05-25,188.0,0.0
2022-05-26,111.0,2.0
2022-05-27,159.0,0.0
2022-05-28,177.0,0.0
2022-05-29,179.0,0.0
2022-05-30,201.0,2.0
2022-05-31,180.0,0.0
2022-06-01,173.0,0.0
2022-06-02,178.0,0.0
2022-06-03,175.0,0.0
2022-06-04,147.0,0.0
2022-06-05,172.0,0.0
2022-06-06,203.0,0.0
2022-06-07,155.0,0.0
2022-06-08,193.0,0.0
2022-06-09,210.0,0.0
2022-06-10,218.0,0.0
2022-06-11,239.0,0.0
2022-06-12,153.0,0.0
2022-06-13,173.0,0.0
2022-06-14,163.0,0.0
2022-06-15,232.0,0.0
2022-06-16,147.0,0.0
2022-06-17,220.0,0.0
2022-06-18,227.0,0.0
2022-06-19,236.0,0.0
2022-06-20,163.0,2.0
2022-06-21,159.0,0.0
2022-06-22,137.0,0.0
2022-06-23,173.0,0.0
2022-06-24,166.0,0.0
2022-06-25,185.0,2.0
2022-06-26,234.0,0.0
2022-06-27,183.0,0.0
2022-06-28,218.0,2.0
2022-06-29,204.0,0.0
2022-06-30,204.0,0.0
2022-07-01,213.0,0.0
2022-07-02,166.0,0.0
2022-07-03,145.0,0.0
2022-07-04,163.0,0.0
2022-07-05,175.0,0.0
2022-07-06,177.0,0.0
2022-07-07,176.0,0.0
2022-07-08,204.0,0.0
2022-07-09,161.0,0.0
2022-07-10,126.0,6.0
2022-07-11,230.0,0.0
2022-07-12,186.0,0.0
2022-07-13,217.0,0.0
2022-07-14,165.0,0.0
2022-07-15,219.0,0.0
2022-07-16,174.0,0.0
2022-07-17,171.0,4.0
2022-07-18,168.0,0.0
2022-07-19,215.0,4.0
2022-07-20,165.0,0.0
2022-07-21,189.0,0.0
2022-07-22,185.0,0.0
2022-07-23,193.0,0.0
2022-07-24,188.0,0.0
2022-07-25,186.0,0.0
2022-07-26,185.0,0.0
2022-07-27,128.0,0.0
2022-07-28,173.0,0.0
2022-07-29,160.0,0.0
2022-07-30,153.0,0.0
2022-07-31,209.0,0.0
2022-08-01,156.0,0.0
2022-08-02,189.0,0.0
2022-08-03,210.0,4.0
2022-08-04,188.0,0.0
2022-08-05,181.0,0.0
2022-08-06,183.0,0.0
2022-08-07,130.0,0.0
2022-08-08,184.0,0.0
2022-08-09,176.0,0.0
2022-08-10,194.0,0.0
2022-08-11,179.0,0.0
2022-08-12,192.0,0.0
2022-08-13,158.0,0.0
2022-08-14,217.0,2.0
2022-08-15,166.0,0.0
2022-08-16,175.0,0.0
2022-08-17,190.0,0.0
2022-08-18,198.0,0.0
2022-08-19,172.0,0.0
2022-08-20,194.0,0.0
2022-08-21,149.0,0.0
2022-08-22,147.0,2.0
2022-08-23,185.0,0.0
2022-08-24,96.0,0.0
2022-08-25,143.0,2.0
2022-08-26,153.0,0.0
2022-08-27,185.0,2.0
2022-08-28,176.0,0.0
2022-08-29,162.0,0.0
2022-08-30,149.0,0.0
2022-08-31,205.0,0.0
2022-09-01,169.0,0.0
2022-09-02,195.0,0.0
2022-09-03,205.0,0.0
2022-09-04,112.0,0.0
2022-09-05,161.0,0.0
2022-09-06,205.0,0.0
2022-09-07,138.0,0.0
2022-09-08,181.0,0.0
2022-09-09,228.0,2.0
2022-09-10,137.0,0.0
2022-09-11,194.0,0.0
2022-09-12,163.0,0.0
2022-09-13,188.0,0.0
2022-09-14,186.0,0.0
2022-09-15,202.0,0.0
2022-09-16,230.0,0.0
2022-09-17,143.0,0.0
2022-09-18,165.0,0.0
2022-09-19,137.0,0.0
2022-09-20,127.0,0.0
2022-09-21,218.0,0.0
2022-09-22,162.0,0.0
2022-09-23,186.0,0.0
2022-09-24,157.0,2.0
2022-09-25,211.0,0.0
2022-09-26,177.0,0.0
2022-09-27,119.0,0.0
2022-09-28,184.0,0.0
2022-09-29,200.0,0.0
2022-09-30,196.0,0.0
2022-10-01,199.0,0.0
2022-10-02,146.0,2.0
2022-10-03,163.0,0.0
2022-10-04,159.0,0.0
2022-10-05,187.0,0.0
2022-10-06,228.0,2.0
2022-10-07,174.0,0.0
2022-10-08,178.0,0.0
2022-10-09,112.0,0.0
2022-10-10,134.0,0.0
2022-10-11,173.0,0.0
2022-10-12,185.0,0.0
2022-10-13,193.0,0.0
2022-10-14,250.0,4.0
2022-10-15,191.0,0.0
2022-10-16,170.0,0.0
2022-10-17,133.0,0.0
2022-10-18,151.0,0.0
2022-10-19,180.0,0.0
2022-10-20,175.0,0.0
2022-10-21,197.0,0.0
2022-10-22,181.0,0.0
2022-10-23,117.0,0.0
2022-10-24,142.0,0.0
2022-10-25,155.0,0.0
2022-10-26,140.0,0.0
2022-10-27,208.0,0.0
2022-10-28,152.0,0.0
2022-10-29,162.0,0.0
2022-10-30,159.0,0.0
2022-10-31,156.0,0.0
2022-11-01,178.0,0.0
2022-11-02,240.0,0.0
2022-11-03,180.0,0.0
2022-11-04,173.0,0.0
2022-11-05,184.0,0.0
2022-11-06,112.0,0.0
2022-11-07,191.0,0.0
2022-11-08,129.0,0.0
2022-11-09,148.0,0.0
2022-11-10,158.0,0.0
2022-11-11,168.0,0.0
2022-11-12,152.0,1.0
2022-11-13,132.0,0.0
2022-11-14,151.0,0.0
2022-11-15,174.0,0.0
2022-11-16,161.0,0.0
2022-11-17,155.0,0.0
2022-11-18,136.0,0.0
2022-11-19,169.0,0.0
2022-11-20,102.0,0.0
2022-11-21,150.0,0.0
2022-11-22,152.0,0.0
2022-11-23,207.0,0.0
2022-11-24,91.0,0.0
2022-11-25,109.0,0.0
2022-11-26,139.0,0.0
2022-11-27,134.0,0.0
2022-11-28,169.0,0.0
2022-11-29,102.0,0.0
2022-11-30,163.0,0.0
2022-12-01,174.0,0.0
2022-12-02,174.0,0.0
2022-12-03,135.0,0.0
2022-12-04,126.0,0.0
2022-12-05,132.0,0.0
2022-12-06,193.0,0.0
2022-12-07,180.0,0.0
2022-12-08,173.0,0.0
2022-12-09,175.0,0.0
2022-12-10,187.0,0.0
2022-12-11,123.0,0.0
2022-12-12,170.0,0.0
2022-12-13,162.0,0.0
2022-12-14,118.0,0.0
2022-12-15,239.0,0.0
2022-12-16,240.0,0.0
2022-12-17,129.0,0.0
2022-12-18,136.0,0.0
2022-12-19,160.0,0.0
2022-12-20,172.0,0.0
2022-12-21,152.0,0.0
2022-12-22,159.0,0.0
2022-12-23,170.0,0.0
2022-12-24,129.0,0.0
2022-12-25,68.0,0.0
2022-12-26,107.0,0.0
2022-12-27,113.0,0.0
2022-12-28,121.0,0.0
2022-12-29,95.0,0.0
2022-12-30,164.0,2.0
2022-12-31,157.0,0.0
2023-01-01,170.0,0.0
2023-01-02,125.0,0.0
2023-01-03,112.0,0.0
2023-01-04,114.0,0.0
2023-01-05,118.0,0.0
2023-01-06,129.0,0.0
2023-01-07,95.0,0.0
2023-01-08,80.0,0.0
2023-01-09,126.0,0.0
2023-01-10,143.0,0.0
2023-01-11,121.0,0.0
2023-01-12,168.0,0.0
2023-01-13,194.0,0.0
2023-01-14,124.0,0.0
2023-01-15,129.0,0.0
2023-01-16,128.0,0.0
2023-01-17,138.0,0.0
2023-01-18,189.0,0.0
2023-01-19,171.0,0.0
2023-01-20,127.0,0.0
2023-01-21,136.0,0.0
2023-01-22,152.0,0.0
2023-01-23,183.0,0.0
2023-01-24,127.0,0.0
2023-01-25,178.0,0.0
2023-01-26,121.0,0.0
2023-01-27,138.0,0.0
2023-01-28,129.0,0.0
2023-01-29,104.0,0.0
2023-01-30,145.0,0.0
2023-01-31,128.0,0.0
2023-02-01,138.0,0.0
2023-02-02,167.0,0.0
2023-02-03,129.0,0.0
2023-02-04,101.0,0.0
2023-02-05,104.0,0.0
2023-02-06,145.0,0.0
2023-02-07,157.0,0.0
2023-02-08,178.0,2.0
2023-02-09,117.0,0.0
2023-02-10,153.0,0.0
2023-02-11,142.0,0.0
2023-02-12,113.0,0.0
2023-02-13,153.0,0.0
2023-02-14,127.0,0.0
2023-02-15,178.0,0.0
2023-02-16,160.0,0.0
2023-02-17,176.0,2.0
2023-02-18,116.0,0.0
2023-02-19,134.0,0.0
2023-02-20,146.0,0.0
2023-02-21,141.0,0.0
2023-02-22,155.0,0.0
2023-02-23,132.0,0.0
2023-02-24,145.0,0.0
2023-02-25,140.0,0.0
2023-02-26,118.0,0.0
2023-02-27,128.0,0.0
2023-02-28,113.0,0.0
2023-03-01,166.0,0.0
2023-03-02,137.0,0.0
2023-03-03,164.0,2.0
2023-03-04,148.0,0.0
2023-03-05,169.0,0.0
2023-03-06,178.0,0.0
2023-03-07,165.0,0.0
2023-03-08,133.0,0.0
2023-03-09,128.0,0.0
2023-03-10,184.0,0.0
2023-03-11,131.0,0.0
2023-03-12,158.0,0.0
2023-03-13,206.0,2.0
2023-03-14,160.0,0.0
2023-03-15,171.0,0.0
2023-03-16,162.0,0.0
2023-03-17,254.0,0.0
2023-03-18,125.0,0.0
2023-03-19,138.0,0.0
2023-03-20,183.0,4.0
2023-03-21,160.0,0.0
2023-03-22,120.0,0.0
2023-03-23,146.0,0.0
2023-03-24,136.0,0.0
2023-03-25,138.0,0.0
2023-03-26,171.0,0.0
2023-03-27,146.0,0.0
2023-03-28,146.0,0.0
2023-03-29,145.0,0.0
2023-03-30,162.0,0.0
2023-03-31,173.0,0.0
2023-04-01,178.0,0.0
2023-04-02,180.0,0.0
2023-04-03,124.0,0.0
2023-04-04,203.0,0.0
2023-04-05,166.0,0.0
2023-04-06,144.0,0.0
2023-04-07,203.0,0.0
2023-04-08,152.0,0.0
2023-04-09,141.0,0.0
2023-04-10,110.0,0.0
2023-04-11,157.0,0.0
2023-04-12,163.0,0.0
2023-04-13,151.0,0.0
2023-04-14,220.0,0.0
2023-04-15,164.0,0.0
2023-04-16,141.0,0.0
2023-04-17,180.0,0.0
2023-04-18,128.0,0.0
2023-04-19,157.0,0.0
2023-04-20,187.0,0.0
2023-04-21,194.0,0.0
2023-04-22,175.0,0.0
2023-04-23,186.0,0.0
2023-04-24,177.0,0.0
2023-04-25,182.0,0.0
2023-04-26,164.0,0.0
2023-04-27,147.0,0.0
2023-04-28,230.0,0.0
2023-04-29,169.0,0.0
2023-04-30,141.0,0.0
2023-05-01,145.0,0.0
2023-05-02,163.0,0.0
2023-05-03,185.0,0.0
2023-05-04,153.0,0.0
2023-05-05,171.0,0.0
2023-05-06,224.0,0.0
2023-05-07,199.0,0.0
2023-05-08,197.0,0.0
2023-05-09,197.0,0.0
2023-05-10,192.0,0.0
2023-05-11,228.0,0.0
2023-05-12,261.0,0.0
2023-05-13,196.0,0.0
2023-05-14,175.0,2.0
2023-05-15,178.0,0.0
2023-05-16,162.0,0.0
2023-05-17,235.0,2.0
2023-05-18,271.0,0.0
2023-05-19,227.0,0.0
2023-05-20,158.0,0.0
2023-05-21,166.0,0.0
2023-05-22,129.0,0.0
2023-05-23,166.0,0.0
2023-05-24,187.0,0.0
2023-05-25,169.0,0.0
2023-05-26,161.0,0.0
2023-05-27,170.0,0.0
2023-05-28,238.0,2.0
2023-05-29,169.0,0.0
2023-05-30,158.0,0.0
2023-05-31,171.0,0.0
2023-06-01,260.0,0.0
2023-06-02,206.0,0.0
2023-06-03,116.0,2.0
2023-06-04,150.0,2.0
2023-06-05,175.0,0.0
2023-06-06,208.0,0.0
2023-06-07,168.0,2.0
2023-06-08,155.0,0.0
2023-06-09,191.0,0.0
2023-06-10,200.0,0.0
2023-06-11,159.0,0.0
2023-06-12,201.0,0.0
2023-06-13,171.0,0.0
2023-06-14,221.0,0.0
2023-06-15,253.0,0.0
2023-06-16,218.0,0.0
2023-06-17,187.0,0.0
2023-06-18,186.0,0.0
2023-06-19,155.0,0.0
2023-06-20,238.0,0.0
2023-06-21,183.0,0.0
2023-06-22,163.0,0.0
2023-06-23,184.0,0.0
2023-06-24,189.0,0.0
2023-06-25,192.0,0.0
2023-06-26,205.0,0.0
2023-06-27,128.0,0.0
2023-06-28,157.0,0.0
2023-06-29,152.0,2.0
2023-06-30,179.0,0.0
2023-07-01,217.0,2.0
2023-07-02,136.0,0.0
2023-07-03,158.0,4.0
2023-07-04,154.0,0.0
2023-07-05,241.0,0.0
2023-07-06,196.0,2.0
2023-07-07,227.0,0.0
2023-07-08,158.0,0.0
2023-07-09,193.0,0.0
2023-07-10,190.0,0.0
2023-07-11,224.0,0.0
2023-07-12,171.0,0.0
2023-07-13,237.0,0.0
2023-07-14,221.0,0.0
2023-07-15,185.0,0.0
2023-07-16,190.0,0.0
2023-07-17,206.0,0.0
2023-07-18,190.0,0.0
2023-07-19,168.0,0.0
2023-07-20,200.0,0.0
2023-07-21,253.0,0.0
2023-07-22,203.0,0.0
2023-07-23,175.0,0.0
2023-07-24,196.0,0.0
2023-07-25,208.0,0.0
2023-07-26,214.0,0.0
2023-07-27,186.0,0.0
2023-07-28,234.0,0.0
2023-07-29,204.0,0.0
2023-07-30,215.0,0.0
2023-07-31,207.0,0.0
2023-08-01,208.0,2.0
2023-08-02,159.0,0.0
2023-08-03,167.0,0.0
2023-08-04,218.0,0.0
2023-08-05,190.0,0.0
2023-08-06,174.0,0.0
2023-08-07,185.0,0.0
2023-08-08,170.0,0.0
2023-08-09,164.0,0.0
2023-08-10,233.0,0.0
2023-08-11,194.0,0.0
2023-08-12,227.0,0.0
2023-08-13,187.0,0.0
2023-08-14,207.0,0.0
2023-08-15,162.0,0.0
2023-08-16,180.0,0.0
2023-08-17,140.0,2.0
2023-08-18,236.0,2.0
2023-08-19,258.0,0.0
2023-08-20,157.0,0.0
2023-08-21,157.0,0.0
2023-08-22,155.0,0.0
2023-08-23,172.0,0.0
2023-08-24,135.0,0.0
2023-08-25,163.0,0.0
2023-08-26,215.0,0.0
2023-08-27,151.0,0.0
2023-08-28,164.0,0.0
2023-08-29,181.0,0.0
2023-08-30,177.0,0.0
2023-08-31,219.0,0.0
2023-09-01,194.0,0.0
2023-09-02,222.0,0.0
2023-09-03,177.0,0.0
2023-09-04,173.0,0.0
2023-09-05,216.0,0.0
2023-09-06,248.0,0.0
2023-09-07,222.0,0.0
2023-09-08,158.0,0.0
2023-09-09,202.0,0.0
2023-09-10,163.0,0.0
2023-09-11,195.0,0.0
2023-09-12,189.0,2.0
2023-09-13,153.0,0.0
2023-09-14,168.0,0.0
2023-09-15,206.0,0.0
2023-09-16,163.0,0.0
2023-09-17,153.0,0.0
2023-09-18,165.0,0.0
2023-09-19,216.0,0.0
2023-09-20,203.0,0.0
2023-09-21,199.0,0.0
2023-09-22,218.0,0.0
2023-09-23,165.0,0.0
2023-09-24,176.0,0.0
2023-09-25,136.0,0.0
2023-09-26,243.0,0.0
2023-09-27,229.0,0.0
2023-09-28,214.0,0.0
2023-09-29,223.0,0.0
2023-09-30,156.0,0.0
2023-10-01,217.0,0.0
2023-10-02,173.0,0.0
2023-10-03,213.0,0.0
2023-10-04,218.0,2.0
2023-10-05,221.0,0.0
2023-10-06,221.0,0.0
2023-10-07,188.0,0.0
2023-10-08,122.0,0.0
2023-10-09,142.0,0.0
2023-10-10,188.0,0.0
2023-10-11,224.0,0.0
2023-10-12,193.0,0.0
2023-10-13,249.0,0.0
2023-10-14,245.0,0.0
2023-10-15,197.0,0.0
2023-10-16,148.0,0.0
2023-10-17,199.0,0.0
2023-10-18,161.0,0.0
2023-10-19,185.0,0.0
2023-10-20,259.0,0.0
2023-10-21,177.0,0.0
2023-10-22,227.0,0.0
2023-10-23,205.0,0.0
2023-10-24,148.0,0.0
2023-10-25,214.0,0.0
2023-10-26,192.0,2.0
2023-10-27,212.0,0.0
2023-10-28,268.0,0.0
2023-10-29,171.0,2.0
2023-10-30,203.0,0.0
2023-10-31,179.0,0.0
2023-11-01,185.0,0.0
2023-11-02,166.0,0.0
2023-11-03,184.0,0.0
2023-11-04,171.0,0.0
2023-11-05,166.0,0.0
2023-11-06,184.0,0.0
2023-11-07,163.0,2.0
2023-11-08,198.0,0.0
2023-11-09,187.0,0.0
2023-11-10,136.0,0.0
2023-11-11,179.0,0.0
2023-11-12,145.0,2.0
2023-11-13,219.0,0.0
2023-11-14,216.0,0.0
2023-11-15,198.0,0.0
2023-11-16,209.0,0.0
2023-11-17,196.0,2.0
2023-11-18,188.0,0.0
2023-11-19,265.0,0.0
2023-11-20,203.0,0.0
2023-11-21,272.0,0.0
2023-11-22,220.0,2.0
2023-11-23,115.0,0.0
2023-11-24,170.0,0.0
2023-11-25,128.0,0.0
2023-11-26,128.0,0.0
2023-11-27,161.0,0.0
2023-11-28,128.0,0.0
2023-11-29,167.0,0.0
2023-11-30,189.0,0.0
2023-12-01,233.0,0.0
2023-12-02,152.0,0.0
2023-12-03,172.0,2.0
2023-12-04,178.0,2.0
2023-12-05,144.0,0.0
2023-12-06,141.0,0.0
2023-12-07,148.0,0.0
2023-12-08,181.0,0.0
2023-12-09,232.0,0.0
2023-12-10,145.0,0.0
2023-12-11,206.0,0.0
2023-12-12,224.0,0.0
2023-12-13,128.0,0.0
2023-12-14,173.0,0.0
2023-12-15,213.0,0.0
2023-12-16,186.0,0.0
2023-12-17,156.0,0.0
2023-12-18,213.0,2.0
2023-12-19,186.0,0.0
2023-12-20,218.0,0.0
2023-12-21,162.0,0.0
2023-12-22,188.0,0.0
2023-12-23,145.0,0.0
2023-12-24,133.0,2.0
2023-12-25,135.0,0.0
2023-12-26,115.0,0.0
2023-12-27,153.0,2.0
2023-12-28,247.0,0.0
2023-12-29,145.0,0.0
2023-12-30,134.0,0.0
2023-12-31,111.0,0.0
2024-01-01,162.0,0.0
2024-01-02,122.0,0.0
2024-01-03,184.0,0.0
2024-01-04,136.0,0.0
2024-01-05,140.0,0.0
2024-01-06,167.0,0.0
2024-01-07,112.0,0.0
2024-01-08,174.0,2.0
2024-01-09,179.0,0.0
2024-01-10,132.0,0.0
2024-01-11,185.0,0.0
2024-01-12,207.0,0.0
2024-01-13,177.0,0.0
2024-01-14,96.0,0.0
2024-01-15,133.0,0.0
2024-01-16,135.0,0.0
2024-01-17,178.0,0.0
2024-01-18,140.0,0.0
2024-01-19,151.0,0.0
2024-01-20,129.0,0.0
2024-01-21,148.0,4.0
2024-01-22,150.0,0.0
2024-01-23,144.0,0.0
2024-01-24,200.0,0.0
2024-01-25,160.0,0.0
2024-01-26,206.0,0.0
2024-01-27,129.0,2.0
2024-01-28,182.0,0.0
2024-01-29,144.0,0.0
2024-01-30,143.0,0.0
2024-01-31,148.0,0.0
2024-02-01,162.0,0.0
2024-02-02,203.0,0.0
2024-02-03,212.0,0.0
2024-02-04,154.0,0.0
2024-02-05,178.0,0.0
2024-02-06,196.0,0.0
2024-02-07,170.0,0.0
2024-02-08,131.0,0.0
2024-02-09,198.0,0.0
2024-02-10,93.0,0.0
2024-02-11,170.0,0.0
2024-02-12,214.0,0.0
2024-02-13,79.0,0.0
2024-02-14,209.0,0.0
2024-02-15,136.0,0.0
2024-02-16,208.0,0.0
2024-02-17,163.0,0.0
2024-02-18,156.0,0.0
2024-02-19,125.0,2.0
2024-02-20,193.0,0.0
2024-02-21,132.0,0.0
2024-02-22,143.0,2.0
2024-02-23,115.0,0.0
2024-02-24,119.0,0.0
2024-02-25,195.0,0.0
2024-02-26,162.0,2.0
2024-02-27,219.0,0.0
2024-02-28,180.0,0.0
2024-02-29,198.0,0.0
2024-03-01,182.0,0.0
2024-03-02,133.0,0.0
2024-03-03,141.0,0.0
2024-03-04,157.0,0.0
2024-03-05,181.0,0.0
2024-03-06,202.0,0.0
2024-03-07,121.0,0.0
2024-03-08,228.0,0.0
2024-03-09,144.0,0.0
2024-03-10,99.0,0.0
2024-03-11,135.0,0.0
2024-03-12,160.0,0.0
2024-03-13,189.0,2.0
2024-03-14,158.0,0.0
2024-03-15,188.0,0.0
2024-03-16,168.0,0.0
2024-03-17,162.0,0.0
2024-03-18,156.0,0.0
2024-03-19,153.0,0.0
2024-03-20,163.0,0.0
2024-03-21,138.0,0.0
2024-03-22,148.0,0.0
2024-03-23,125.0,0.0
2024-03-24,187.0,0.0
2024-03-25,199.0,0.0
2024-03-26,183.0,0.0
2024-03-27,142.0,0.0
2024-03-28,196.0,0.0
2024-03-29,204.0,0.0
2024-03-30,165.0,0.0
2024-03-31,176.0,0.0
2024-04-01,141.0,0.0
2024-04-02,208.0,2.0
2024-04-03,186.0,0.0
2024-04-04,149.0,0.0
2024-04-05,126.0,0.0
2024-04-06,165.0,0.0
2024-04-07,194.0,0.0
2024-04-08,151.0,0.0
2024-04-09,151.0,0.0
2024-04-10,162.0,0.0
2024-04-11,129.0,0.0
2024-04-12,153.0,0.0
2024-04-13,144.0,4.0
2024-04-14,163.0,0.0
2024-04-15,174.0,0.0
2024-04-16,241.0,2.0
2024-04-17,195.0,0.0
2024-04-18,150.0,0.0
2024-04-19,161.0,0.0
2024-04-20,173.0,0.0
2024-04-21,155.0,0.0
2024-04-22,129.0,0.0
2024-04-23,84.0,0.0
2024-04-24,176.0,0.0
2024-04-25,172.0,0.0
2024-04-26,191.0,0.0
2024-04-27,110.0,0.0
2024-04-28,126.0,0.0
2024-04-29,197.0,0.0
2024-04-30,162.0,0.0
2024-05-01,204.0,0.0
2024-05-02,176.0,0.0
2024-05-03,206.0,0.0
2024-05-04,166.0,0.0
2024-05-05,201.0,0.0
2024-05-06,192.0,0.0
2024-05-07,196.0,0.0
2024-05-08,185.0,0.0
2024-05-09,131.0,2.0
2024-05-10,186.0,0.0
2024-05-11,161.0,0.0
2024-05-12,203.0,0.0
2024-05-13,197.0,0.0
2024-05-14,185.0,0.0
2024-05-15,209.0,0.0
2024-05-16,184.0,0.0
2024-05-17,203.0,0.0
2024-05-18,205.0,0.0
2024-05-19,200.0,0.0
2024-05-20,156.0,0.0
2024-05-21,219.0,0.0
2024-05-22,245.0,0.0
2024-05-23,182.0,0.0
2024-05-24,287.0,0.0
2024-05-25,165.0,0.0
2024-05-26,228.0,2.0
2024-05-27,142.0,0.0
2024-05-28,195.0,2.0
2024-05-29,211.0,0.0
2024-05-30,192.0,0.0
2024-05-31,179.0,0.0
2024-06-01,215.0,0.0
2024-06-02,156.0,0.0
2024-06-03,224.0,2.0
2024-06-04,207.0,0.0
2024-06-05,165.0,0.0
2024-06-06,180.0,0.0
2024-06-07,217.0,0.0
2024-06-08,224.0,0.0
2024-06-09,166.0,0.0
2024-06-10,198.0,2.0
2024-06-11,199.0,0.0
2024-06-12,215.0,0.0
2024-06-13,175.0,0.0
2024-06-14,230.0,0.0
2024-06-15,180.0,0.0
2024-06-16,185.0,0.0
2024-06-17,236.0,0.0
2024-06-18,251.0,0.0
2024-06-19,184.0,0.0
2024-06-20,242.0,0.0
2024-06-21,213.0,0.0
2024-06-22,189.0,0.0
2024-06-23,184.0,0.0
2024-06-24,202.0,0.0
2024-06-25,193.0,0.0
2024-06-26,221.0,2.0
2024-06-27,198.0,0.0
2024-06-28,243.0,0.0
2024-06-29,152.0,0.0
2024-06-30,233.0,0.0
2024-07-01,168.0,0.0
2024-07-02,203.0,0.0
2024-07-03,246.0,0.0
2024-07-04,175.0,8.0
2024-07-05,170.0,0.0
2024-07-06,145.0,0.0
2024-07-07,134.0,0.0
2024-07-08,156.0,0.0
2024-07-09,187.0,0.0
2024-07-10,207.0,0.0
2024-07-11,199.0,2.0
2024-07-12,154.0,0.0
2024-07-13,178.0,0.0
2024-07-14,164.0,2.0
2024-07-15,157.0,0.0
2024-07-16,188.0,0.0
2024-07-17,217.0,0.0
2024-07-18,167.0,0.0
2024-07-19,181.0,0.0
2024-07-20,183.0,2.0
2024-07-21,170.0,0.0
2024-07-22,171.0,0.0
2024-07-23,163.0,0.0
2024-07-24,153.0,0.0
2024-07-25,182.0,0.0
2024-07-26,207.0,0.0
2024-07-27,146.0,0.0
2024-07-28,160.0,0.0
2024-07-29,218.0,2.0
2024-07-30,191.0,0.0
2024-07-31,180.0,0.0
2024-08-01,186.0,0.0
2024-08-02,215.0,0.0
2024-08-03,232.0,0.0
2024-08-04,185.0,0.0
2024-08-05,216.0,0.0
2024-08-06,226.0,0.0
2024-08-07,169.0,0.0
2024-08-08,234.0,0.0
2024-08-09,152.0,0.0
2024-08-10,237.0,2.0
2024-08-11,206.0,0.0
2024-08-12,204.0,0.0
2024-08-13,156.0,0.0
2024-08-14,186.0,0.0
2024-08-15,188.0,0.0
2024-08-16,211.0,0.0
2024-08-17,192.0,0.0
2024-08-18,216.0,0.0
2024-08-19,160.0,0.0
2024-08-20,172.0,0.0
2024-08-21,204.0,0.0
2024-08-22,176.0,0.0
2024-08-23,206.0,2.0
2024-08-24,195.0,0.0
2024-08-25,163.0,0.0
2024-08-26,217.0,0.0
2024-08-27,161.0,0.0
2024-08-28,239.0,0.0
2024-08-29,183.0,0.0
2024-08-30,185.0,0.0
2024-08-31,189.0,0.0
2024-09-01,174.0,2.0
2024-09-02,183.0,0.0
2024-09-03,164.0,0.0
2024-09-04,199.0,0.0
2024-09-05,167.0,0.0
2024-09-06,180.0,0.0
2024-09-07,182.0,0.0
2024-09-08,194.0,0.0
2024-09-09,213.0,0.0
2024-09-10,221.0,0.0
2024-09-11,218.0,0.0
2024-09-12,205.0,0.0
2024-09-13,229.0,0.0
2024-09-14,250.0,0.0
2024-09-15,176.0,0.0
2024-09-16,207.0,0.0
2024-09-17,184.0,0.0
2024-09-18,199.0,0.0
2024-09-19,188.0,0.0
2024-09-20,175.0,0.0
2024-09-21,239.0,0.0
2024-09-22,183.0,0.0
2024-09-23,160.0,0.0
2024-09-24,181.0,0.0
2024-09-25,174.0,0.0
2024-09-26,180.0,0.0
2024-09-27,170.0,0.0
2024-09-28,174.0,0.0
2024-09-29,220.0,0.0
2024-09-30,153.0,0.0
2024-10-01,145.0,0.0
2024-10-02,148.0,0.0
2024-10-03,124.0,0.0
2024-10-04,195.0,0.0
2024-10-05,192.0,0.0
2024-10-06,226.0,0.0
2024-10-07,162.0,0.0
2024-10-08,196.0,0.0
2024-10-09,192.0,2.0
2024-10-10,222.0,0.0
2024-10-11,251.0,0.0
2024-10-12,200.0,4.0
2024-10-13,150.0,4.0
2024-10-14,169.0,0.0
2024-10-15,211.0,0.0
2024-10-16,210.0,0.0
2024-10-17,180.0,0.0
2024-10-18,155.0,0.0
2024-10-19,192.0,0.0
2024-10-20,170.0,0.0
2024-10-21,234.0,0.0
2024-10-22,216.0,0.0
2024-10-23,222.0,0.0
2024-10-24,174.0,0.0
2024-10-25,220.0,0.0
2024-10-26,243.0,0.0
2024-10-27,175.0,0.0
2024-10-28,232.0,0.0
2024-10-29,203.0,2.0
2024-10-30,178.0,2.0
2024-10-31,202.0,0.0
2024-11-01,241.0,0.0
2024-11-02,180.0,0.0
2024-11-03,220.0,0.0
2024-11-04,167.0,0.0
2024-11-05,161.0,0.0
2024-11-06,262.0,0.0
2024-11-07,173.0,0.0
2024-11-08,193.0,0.0
2024-11-09,140.0,0.0
2024-11-10,172.0,0.0
