,borough,year,month,total_injured,total_killed,pedestrians_injured,pedestrians_killed,cyclist_injured,cyclist_killed,motorist_injured,motorist_killed
0,Bronx,2012,7,548,3,110,1,38,0,400,2
1,Bronx,2012,8,466,2,102,0,36,0,328,2
2,Bronx,2012,9,464,0,121,0,33,0,310,0
3,Bronx,2012,10,462,1,114,0,20,0,328,1
4,Bronx,2012,11,416,0,130,0,12,0,274,0
5,Bronx,2012,12,522,0,176,0,16,0,330,0
6,Bronx,2013,1,435,1,135,1,8,0,292,0
7,Bronx,2013,2,468,0,137,0,8,0,323,0
8,Bronx,2013,3,482,0,149,0,13,0,320,0
9,Bronx,2013,4,504,0,133,0,23,0,348,0
10,Bronx,2013,5,573,1,149,1,26,0,398,0
11,Bronx,2013,6,574,2,131,1,45,0,398,1
12,Bronx,2013,7,603,0,113,0,48,0,442,0
13,Bronx,2013,8,499,0,119,0,46,0,334,0
14,Bronx,2013,9,577,0,141,0,36,0,400,0
15,Bronx,2013,10,528,0,150,0,22,0,356,0
16,Bronx,2013,11,533,1,152,1,10,0,371,0
17,Bronx,2013,12,478,1,160,0,9,0,309,1
18,Bronx,2014,1,476,0,132,0,6,0,338,0
19,Bronx,2014,2,329,0,96,0,4,0,229,0
20,Bronx,2014,3,430,0,127,0,11,0,292,0
21,Bronx,2014,4,419,2,127,1,21,0,271,1
22,Bronx,2014,5,565,0,129,0,39,0,397,0
23,Bronx,2014,6,636,0,139,0,52,0,445,0
24,Bronx,2014,7,542,0,126,0,45,0,371,0
25,Bronx,2014,8,478,0,87,0,38,0,353,0
26,Bronx,2014,9,543,2,98,0,61,0,384,2
27,Bronx,2014,10,503,1,140,1,41,0,322,0
28,Bronx,2014,11,489,0,133,0,21,0,335,0
29,Bronx,2014,12,439,0,159,0,14,0,266,0
30,Bronx,2015,1,399,1,116,1,14,0,269,0
31,Bronx,2015,2,250,0,83,0,2,0,165,0
32,Bronx,2015,3,402,2,105,2,8,0,289,0
33,Bronx,2015,4,456,1,114,0,25,0,317,1
34,Bronx,2015,5,513,2,109,1,38,0,366,1
35,Bronx,2015,6,534,2,100,0,48,0,386,2
36,Bronx,2015,7,497,0,106,0,45,0,346,0
37,Bronx,2015,8,544,1,112,0,52,1,380,0
38,Bronx,2015,9,505,1,111,0,49,0,345,1
39,Bronx,2015,10,535,2,147,0,34,0,354,2
40,Bronx,2015,11,485,0,136,0,22,0,327,0
41,Bronx,2015,12,494,1,130,1,26,0,338,0
42,Bronx,2016,1,395,1,112,0,6,0,277,1
43,Bronx,2016,2,415,0,136,0,15,0,264,0
44,Bronx,2016,3,284,0,81,0,15,0,188,0
45,Bronx,2016,4,179,0,41,0,7,0,131,0
46,Bronx,2016,5,505,0,80,0,37,0,388,0
47,Bronx,2016,6,506,1,95,0,44,0,367,1
48,Bronx,2016,7,550,0,78,0,47,0,425,0
49,Bronx,2016,8,504,0,85,0,50,0,369,0
50,Bronx,2016,9,546,0,91,0,57,0,398,0
51,Bronx,2016,10,406,0,90,0,17,0,299,0
52,Bronx,2016,11,414,1,104,1,15,0,295,0
53,Bronx,2016,12,434,0,92,0,11,0,331,0
54,Bronx,2017,1,378,0,106,0,12,0,260,0
55,Bronx,2017,2,413,0,119,0,12,0,282,0
56,Bronx,2017,3,430,1,111,1,19,0,300,0
57,Bronx,2017,4,450,2,83,0,19,0,348,2
58,Bronx,2017,5,505,0,100,0,23,0,382,0
59,Bronx,2017,6,555,0,80,0,39,0,436,0
60,Bronx,2017,7,522,0,71,0,51,0,400,0
61,Bronx,2017,8,465,0,74,0,42,0,349,0
62,Bronx,2017,9,433,0,97,0,28,0,306,0
63,Bronx,2017,10,459,0,103,0,36,0,320,0
64,Bronx,2017,11,437,0,107,0,20,0,311,0
65,Bronx,2017,12,399,0,108,0,10,0,281,0
66,Bronx,2018,1,403,1,104,0,9,0,290,1
67,Bronx,2018,2,387,1,92,0,12,0,283,1
68,Bronx,2018,3,446,1,106,1,15,0,324,0
69,Bronx,2018,4,455,0,79,0,22,0,352,0
70,Bronx,2018,5,552,0,105,0,44,0,402,0
71,Bronx,2018,6,518,0,103,0,39,0,375,0
72,Bronx,2018,7,549,1,97,0,41,0,411,1
73,Bronx,2018,8,550,2,97,0,58,0,395,2
74,Bronx,2018,9,463,1,78,0,27,0,357,1
75,Bronx,2018,10,510,0,97,0,38,0,375,0
76,Bronx,2018,11,509,0,124,0,23,0,362,0
77,Bronx,2018,12,526,0,139,0,17,0,370,0
78,Bronx,2019,1,414,0,109,0,13,0,292,0
79,Bronx,2019,2,369,0,80,0,14,0,275,0
80,Bronx,2019,3,522,0,110,0,15,0,397,0
81,Bronx,2019,4,442,0,70,0,23,0,349,0
82,Bronx,2019,5,608,0,111,0,45,0,452,0
83,Bronx,2019,6,625,0,96,0,41,0,488,0
84,Bronx,2019,7,590,0,88,0,60,0,442,0
85,Bronx,2019,8,518,0,82,0,46,0,390,0
86,Bronx,2019,9,509,1,94,1,45,0,370,0
87,Bronx,2019,10,491,0,101,0,32,0,358,0
88,Bronx,2019,11,444,0,99,0,23,0,322,0
89,Bronx,2019,12,506,0,132,0,18,0,356,0
90,Bronx,2020,1,482,0,93,0,22,0,367,0
91,Bronx,2020,2,406,0,104,0,29,0,273,0
92,Bronx,2020,3,338,0,67,0,25,0,246,0
93,Bronx,2020,4,135,0,22,0,12,0,101,0
94,Bronx,2020,5,284,0,36,0,41,0,207,0
95,Bronx,2020,6,407,0,53,0,79,0,275,0
96,Bronx,2020,7,490,0,70,0,79,0,341,0
97,Bronx,2020,8,517,2,60,0,94,0,363,2
98,Bronx,2020,9,499,0,55,0,74,0,370,0
99,Bronx,2020,10,458,3,80,2,59,0,319,1
100,Bronx,2020,11,426,0,73,0,57,0,296,0
101,Bronx,2020,12,335,0,66,0,25,0,244,0
102,Bronx,2021,1,330,0,82,0,26,0,222,0
103,Bronx,2021,2,220,0,34,0,15,0,171,0
104,Bronx,2021,3,311,0,60,0,19,0,226,0
105,Bronx,2021,4,427,0,76,0,25,0,299,0
106,Bronx,2021,5,510,0,73,0,41,0,356,0
107,Bronx,2021,6,505,0,75,0,43,0,353,0
108,Bronx,2021,7,549,0,79,0,46,0,389,0
109,Bronx,2021,8,531,2,59,0,45,0,388,2
110,Bronx,2021,9,485,1,69,1,35,0,344,0
111,Bronx,2021,10,504,0,86,0,41,0,351,0
112,Bronx,2021,11,446,0,97,0,31,0,293,0
113,Bronx,2021,12,448,0,100,0,21,0,305,0
114,Bronx,2022,1,368,1,81,0,13,0,258,1
115,Bronx,2022,2,301,0,62,0,7,0,218,0
116,Bronx,2022,3,464,0,97,0,23,0,329,0
117,Bronx,2022,4,403,0,60,0,29,0,288,0
118,Bronx,2022,5,443,1,61,0,29,0,332,1
119,Bronx,2022,6,509,0,55,0,49,0,374,0
120,Bronx,2022,7,499,2,64,0,57,0,346,2
121,Bronx,2022,8,472,2,71,0,53,0,306,2
122,Bronx,2022,9,474,1,87,1,44,0,308,0
123,Bronx,2022,10,501,1,89,1,35,0,364,0
124,Bronx,2022,11,412,1,89,0,29,0,273,0
125,Bronx,2022,12,458,0,105,0,18,0,322,0
126,Bronx,2023,1,371,0,85,0,21,0,252,0
127,Bronx,2023,2,326,1,56,0,17,0,241,1
128,Bronx,2023,3,420,0,73,0,29,0,309,0
129,Bronx,2023,4,474,0,65,0,33,0,354,0
130,Bronx,2023,5,503,0,86,0,39,0,349,0
131,Bronx,2023,6,435,1,55,1,29,0,323,0
132,Bronx,2023,7,559,0,63,0,55,0,406,0
133,Bronx,2023,8,481,1,74,0,38,0,348,1
134,Bronx,2023,9,490,0,72,0,47,0,343,0
135,Bronx,2023,10,480,0,83,0,39,0,335,0
136,Bronx,2023,11,476,2,86,0,17,0,355,2
137,Bronx,2023,12,409,1,79,0,21,0,292,1
138,Bronx,2024,1,423,2,91,0,21,0,299,2
139,Bronx,2024,2,374,0,62,0,10,0,290,0
140,Bronx,2024,3,483,0,90,0,39,0,337,0
141,Bronx,2024,4,425,2,61,0,42,0,308,2
142,Bronx,2024,5,494,1,64,0,42,0,367,1
143,Bronx,2024,6,484,0,79,0,49,0,344,0
144,Bronx,2024,7,478,1,77,0,42,0,339,1
145,Bronx,2024,8,526,1,79,0,37,0,390,1
146,Bronx,2024,9,500,0,85,0,37,0,350,0
147,Bronx,2024,10,408,2,81,0,40,0,274,2
148,Bronx,2024,11,133,0,24,0,12,0,90,0
149,Brooklyn,2012,7,1344,0,265,0,176,0,903,0
150,Brooklyn,2012,8,1271,1,259,0,209,0,803,1
151,Brooklyn,2012,9,1289,3,277,2,163,0,849,1
152,Brooklyn,2012,10,1256,0,296,0,135,0,819,0
153,Brooklyn,2012,11,1056,3,329,2,108,0,619,1
154,Brooklyn,2012,12,1310,5,410,2,88,0,812,3
155,Brooklyn,2013,1,1094,4,329,1,73,0,692,3
156,Brooklyn,2013,2,938,1,286,0,42,0,610,1
157,Brooklyn,2013,3,1122,5,313,1,57,0,752,4
158,Brooklyn,2013,4,1281,1,272,1,97,0,912,0
159,Brooklyn,2013,5,1418,0,305,0,154,0,959,0
160,Brooklyn,2013,6,1450,1,298,1,197,0,955,0
161,Brooklyn,2013,7,1442,1,276,0,180,0,986,1
162,Brooklyn,2013,8,1413,5,256,0,202,0,955,5
163,Brooklyn,2013,9,1397,1,294,0,174,0,929,1
164,Brooklyn,2013,10,1340,2,330,0,182,0,828,2
165,Brooklyn,2013,11,1306,2,331,1,113,0,862,1
166,Brooklyn,2013,12,1200,0,342,0,68,0,790,0
167,Brooklyn,2014,1,1052,1,317,0,42,0,693,1
168,Brooklyn,2014,2,813,1,199,1,27,0,587,0
169,Brooklyn,2014,3,1105,2,282,0,53,0,770,2
170,Brooklyn,2014,4,1153,2,263,0,106,0,784,2
171,Brooklyn,2014,5,1189,4,270,0,130,0,789,4
172,Brooklyn,2014,6,1394,0,311,0,170,0,913,0
173,Brooklyn,2014,7,1234,2,226,1,181,0,827,1
174,Brooklyn,2014,8,1254,1,225,0,189,0,840,1
175,Brooklyn,2014,9,1289,0,242,0,167,0,880,0
176,Brooklyn,2014,10,1336,0,303,0,160,0,873,0
177,Brooklyn,2014,11,1166,1,292,0,113,0,761,1
178,Brooklyn,2014,12,1206,1,387,1,65,0,754,0
179,Brooklyn,2015,1,948,2,289,1,43,0,616,1
180,Brooklyn,2015,2,718,0,211,0,26,0,481,0
181,Brooklyn,2015,3,945,1,228,1,61,0,656,0
182,Brooklyn,2015,4,1061,1,205,0,104,0,752,1
183,Brooklyn,2015,5,1329,3,264,0,172,0,893,3
184,Brooklyn,2015,6,1205,2,240,0,146,0,819,2
185,Brooklyn,2015,7,1270,2,173,1,216,1,881,0
186,Brooklyn,2015,8,1284,0,221,0,194,0,869,0
187,Brooklyn,2015,9,1257,0,227,0,176,0,854,0
188,Brooklyn,2015,10,1213,0,309,0,148,0,756,0
189,Brooklyn,2015,11,1210,1,304,1,125,0,781,0
190,Brooklyn,2015,12,1227,4,336,2,101,0,790,2
191,Brooklyn,2016,1,1018,1,278,1,64,0,676,0
192,Brooklyn,2016,2,944,1,287,1,59,0,598,0
193,Brooklyn,2016,3,678,0,140,0,85,0,453,0
194,Brooklyn,2016,4,304,1,64,1,33,0,207,0
195,Brooklyn,2016,5,1076,1,164,0,117,0,795,1
196,Brooklyn,2016,6,1172,1,182,0,158,0,832,1
197,Brooklyn,2016,7,1188,0,190,0,168,0,830,0
198,Brooklyn,2016,8,1064,0,189,0,176,0,699,0
199,Brooklyn,2016,9,1092,0,167,0,150,0,775,0
200,Brooklyn,2016,10,977,0,221,0,123,0,633,0
201,Brooklyn,2016,11,969,0,255,0,104,0,610,0
202,Brooklyn,2016,12,961,1,232,0,63,0,666,1
203,Brooklyn,2017,1,911,3,251,2,63,0,595,1
204,Brooklyn,2017,2,749,0,160,0,53,0,536,0
205,Brooklyn,2017,3,915,0,229,0,61,0,625,0
206,Brooklyn,2017,4,824,1,164,0,85,0,575,1
207,Brooklyn,2017,5,1099,0,223,0,135,0,743,0
208,Brooklyn,2017,6,1169,0,193,0,172,0,804,0
209,Brooklyn,2017,7,1042,0,143,0,161,0,738,0
210,Brooklyn,2017,8,963,0,150,0,139,0,674,0
211,Brooklyn,2017,9,880,2,183,1,140,1,557,0
212,Brooklyn,2017,10,906,0,193,0,114,0,597,0
213,Brooklyn,2017,11,991,2,205,1,94,0,688,1
214,Brooklyn,2017,12,1000,1,229,0,63,0,706,1
215,Brooklyn,2018,1,944,0,232,0,58,0,653,0
216,Brooklyn,2018,2,780,0,194,0,54,0,532,0
217,Brooklyn,2018,3,936,3,216,2,68,0,652,1
218,Brooklyn,2018,4,903,0,181,0,76,0,646,0
219,Brooklyn,2018,5,1165,0,203,0,149,0,814,0
220,Brooklyn,2018,6,1157,5,186,2,153,0,816,3
221,Brooklyn,2018,7,1150,0,178,0,164,0,807,0
222,Brooklyn,2018,8,1236,0,153,0,192,0,890,0
223,Brooklyn,2018,9,1234,2,186,1,155,0,893,1
224,Brooklyn,2018,10,1113,0,223,0,119,0,771,0
225,Brooklyn,2018,11,889,0,229,0,86,0,571,0
226,Brooklyn,2018,12,1116,1,269,1,71,0,776,0
227,Brooklyn,2019,1,903,0,226,0,59,0,618,0
228,Brooklyn,2019,2,818,0,187,0,49,0,582,0
229,Brooklyn,2019,3,924,1,193,0,70,0,661,1
230,Brooklyn,2019,4,981,0,155,0,96,0,730,0
231,Brooklyn,2019,5,1161,2,186,1,127,0,848,1
232,Brooklyn,2019,6,1173,1,188,0,150,1,835,0
233,Brooklyn,2019,7,1243,2,156,0,183,0,904,2
234,Brooklyn,2019,8,1128,1,161,0,182,1,785,0
235,Brooklyn,2019,9,1043,0,181,0,179,0,683,0
236,Brooklyn,2019,10,1040,1,208,1,135,0,697,0
237,Brooklyn,2019,11,966,0,222,0,77,0,667,0
238,Brooklyn,2019,12,1023,1,275,0,69,0,679,1
239,Brooklyn,2020,1,871,0,204,0,66,0,601,0
240,Brooklyn,2020,2,804,3,189,2,63,0,552,1
241,Brooklyn,2020,3,600,0,106,0,90,0,404,0
242,Brooklyn,2020,4,267,0,34,0,34,0,199,0
243,Brooklyn,2020,5,524,0,65,0,93,0,366,0
244,Brooklyn,2020,6,831,2,117,1,150,0,564,1
245,Brooklyn,2020,7,942,6,147,2,200,0,595,4
246,Brooklyn,2020,8,1009,0,118,0,217,0,674,0
247,Brooklyn,2020,9,970,3,110,1,199,0,661,2
248,Brooklyn,2020,10,877,2,157,0,180,1,540,1
249,Brooklyn,2020,11,840,0,147,0,144,0,549,0
250,Brooklyn,2020,12,687,1,131,1,85,0,471,0
251,Brooklyn,2021,1,647,0,121,0,77,0,449,0
252,Brooklyn,2021,2,528,0,75,0,40,0,413,0
253,Brooklyn,2021,3,719,0,125,0,90,0,496,0
254,Brooklyn,2021,4,891,1,109,0,102,0,636,1
255,Brooklyn,2021,5,1064,1,145,0,123,0,725,1
256,Brooklyn,2021,6,1113,3,115,0,152,0,769,3
257,Brooklyn,2021,7,1028,1,118,0,133,0,712,1
258,Brooklyn,2021,8,1073,2,119,0,147,0,738,2
259,Brooklyn,2021,9,1094,4,145,3,132,0,742,1
260,Brooklyn,2021,10,998,0,162,0,139,0,623,0
261,Brooklyn,2021,11,940,0,177,0,99,0,616,0
262,Brooklyn,2021,12,890,0,158,0,97,0,600,0
263,Brooklyn,2022,1,657,1,136,0,52,0,444,1
264,Brooklyn,2022,2,669,2,148,0,68,0,427,2
265,Brooklyn,2022,3,874,1,161,1,91,0,580,0
266,Brooklyn,2022,4,768,0,135,0,79,0,522,0
267,Brooklyn,2022,5,891,1,133,1,118,0,581,0
268,Brooklyn,2022,6,1072,2,155,1,164,0,676,1
269,Brooklyn,2022,7,1068,0,182,0,163,0,640,0
270,Brooklyn,2022,8,1023,1,125,0,161,0,642,1
271,Brooklyn,2022,9,939,0,146,0,146,0,586,0
272,Brooklyn,2022,10,979,2,185,0,126,0,607,2
273,Brooklyn,2022,11,816,0,169,0,110,0,482,0
274,Brooklyn,2022,12,853,1,187,0,79,0,546,1
275,Brooklyn,2023,1,778,0,187,0,70,0,472,0
276,Brooklyn,2023,2,747,0,135,0,69,0,504,0
277,Brooklyn,2023,3,907,4,180,2,112,0,569,2
278,Brooklyn,2023,4,918,0,156,0,116,0,596,0
279,Brooklyn,2023,5,1051,2,176,0,133,0,658,2
280,Brooklyn,2023,6,1021,2,139,1,125,0,672,1
281,Brooklyn,2023,7,1154,0,133,0,151,0,770,0
282,Brooklyn,2023,8,1056,1,132,0,153,0,679,1
283,Brooklyn,2023,9,1076,1,169,1,155,0,666,0
284,Brooklyn,2023,10,1125,0,208,0,157,0,682,0
285,Brooklyn,2023,11,966,2,163,0,135,0,612,2
286,Brooklyn,2023,12,914,0,173,0,96,0,604,0
287,Brooklyn,2024,1,910,2,204,1,72,0,587,1
288,Brooklyn,2024,2,898,1,160,0,69,0,626,1
289,Brooklyn,2024,3,928,0,176,0,87,0,614,0
290,Brooklyn,2024,4,900,0,158,0,97,0,603,0
291,Brooklyn,2024,5,1082,2,176,1,124,0,731,1
292,Brooklyn,2024,6,1101,1,155,1,141,0,751,0
293,Brooklyn,2024,7,1077,0,139,0,139,0,752,0
294,Brooklyn,2024,8,1092,0,132,0,146,0,754,0
295,Brooklyn,2024,9,1064,1,183,0,169,1,661,0
296,Brooklyn,2024,10,1129,2,220,1,149,1,699,0
297,Brooklyn,2024,11,362,0,54,0,59,0,229,0
298,Manhattan,2012,7,698,0,213,0,113,0,372,0
299,Manhattan,2012,8,677,1,225,1,125,0,327,0
300,Manhattan,2012,9,674,1,223,1,105,0,346,0
301,Manhattan,2012,10,624,1,234,0,85,0,305,1
302,Manhattan,2012,11,588,0,212,0,68,0,308,0
303,Manhattan,2012,12,603,0,281,0,58,0,264,0
304,Manhattan,2013,1,555,1,243,1,64,0,248,0
305,Manhattan,2013,2,532,2,252,1,46,0,234,1
306,Manhattan,2013,3,575,0,224,0,61,0,290,0
307,Manhattan,2013,4,609,0,219,0,86,0,304,0
308,Manhattan,2013,5,653,0,226,0,110,0,317,0
309,Manhattan,2013,6,695,1,241,1,125,0,329,0
310,Manhattan,2013,7,697,0,200,0,119,0,378,0
311,Manhattan,2013,8,676,0,218,0,131,0,327,0
312,Manhattan,2013,9,711,0,231,0,128,0,352,0
313,Manhattan,2013,10,675,0,225,0,113,0,337,0
314,Manhattan,2013,11,629,3,247,2,92,0,290,1
315,Manhattan,2013,12,543,0,267,0,55,0,221,0
316,Manhattan,2014,1,564,1,262,1,40,0,262,0
317,Manhattan,2014,2,468,0,236,0,44,0,188,0
318,Manhattan,2014,3,494,0,213,0,70,0,211,0
319,Manhattan,2014,4,585,1,208,1,98,0,279,0
320,Manhattan,2014,5,588,1,202,1,127,0,259,0
321,Manhattan,2014,6,657,0,204,0,134,0,319,0
322,Manhattan,2014,7,625,1,173,0,144,0,308,1
323,Manhattan,2014,8,603,2,188,2,143,0,272,0
324,Manhattan,2014,9,511,0,164,0,116,0,231,0
325,Manhattan,2014,10,646,0,221,0,115,0,310,0
326,Manhattan,2014,11,527,0,230,0,59,0,238,0
327,Manhattan,2014,12,546,0,244,0,59,0,243,0
328,Manhattan,2015,1,409,1,189,1,35,0,185,0
329,Manhattan,2015,2,395,1,185,0,24,0,186,1
330,Manhattan,2015,3,510,0,197,0,52,0,261,0
331,Manhattan,2015,4,497,1,156,0,92,0,249,1
332,Manhattan,2015,5,591,0,177,0,132,0,282,0
333,Manhattan,2015,6,577,1,180,0,111,0,286,1
334,Manhattan,2015,7,597,0,175,0,124,0,298,0
335,Manhattan,2015,8,593,1,167,1,145,0,281,0
336,Manhattan,2015,9,547,0,173,0,141,0,233,0
337,Manhattan,2015,10,641,0,223,0,129,0,289,0
338,Manhattan,2015,11,534,0,201,0,111,0,222,0
339,Manhattan,2015,12,608,0,239,0,94,0,275,0
340,Manhattan,2016,1,484,1,201,1,48,0,235,0
341,Manhattan,2016,2,458,0,203,0,53,0,202,0
342,Manhattan,2016,3,305,0,106,0,47,0,152,0
343,Manhattan,2016,4,151,0,45,0,27,0,79,0
344,Manhattan,2016,5,527,0,161,0,103,0,263,0
345,Manhattan,2016,6,540,1,151,1,119,0,270,0
346,Manhattan,2016,7,502,0,137,0,111,0,254,0
347,Manhattan,2016,8,482,0,130,0,116,0,236,0
348,Manhattan,2016,9,433,0,120,0,104,0,209,0
349,Manhattan,2016,10,459,1,148,1,108,0,203,0
350,Manhattan,2016,11,456,1,149,1,74,0,233,0
351,Manhattan,2016,12,407,0,150,0,48,0,209,0
352,Manhattan,2017,1,394,0,153,0,34,0,207,0
353,Manhattan,2017,2,368,0,128,0,56,0,184,0
354,Manhattan,2017,3,404,0,141,0,49,0,211,0
355,Manhattan,2017,4,420,0,117,0,81,0,222,0
356,Manhattan,2017,5,530,1,176,1,101,0,252,0
357,Manhattan,2017,6,528,0,142,0,100,0,286,0
358,Manhattan,2017,7,485,2,122,1,110,0,252,1
359,Manhattan,2017,8,378,0,98,0,81,0,199,0
360,Manhattan,2017,9,487,1,126,0,99,0,261,1
361,Manhattan,2017,10,457,8,141,6,92,2,224,0
362,Manhattan,2017,11,423,0,126,0,80,0,217,0
363,Manhattan,2017,12,416,0,137,0,54,0,225,0
364,Manhattan,2018,1,405,0,171,0,61,0,172,0
365,Manhattan,2018,2,373,0,141,0,62,0,170,0
366,Manhattan,2018,3,427,0,157,0,66,0,204,0
367,Manhattan,2018,4,365,0,121,0,79,0,165,0
368,Manhattan,2018,5,436,1,116,1,74,0,245,0
369,Manhattan,2018,6,454,0,120,0,95,0,238,0
370,Manhattan,2018,7,458,0,117,0,116,0,224,0
371,Manhattan,2018,8,434,0,106,0,102,0,226,0
372,Manhattan,2018,9,458,0,124,0,132,0,202,0
373,Manhattan,2018,10,460,0,134,0,93,0,234,0
374,Manhattan,2018,11,393,1,142,1,57,0,193,0
375,Manhattan,2018,12,453,1,169,0,46,0,238,1
376,Manhattan,2019,1,364,1,128,0,46,0,190,1
377,Manhattan,2019,2,325,0,111,0,54,0,160,0
378,Manhattan,2019,3,386,0,115,0,69,0,202,0
379,Manhattan,2019,4,413,1,124,0,100,0,189,1
380,Manhattan,2019,5,461,0,126,0,92,0,243,0
381,Manhattan,2019,6,433,0,80,0,95,0,258,0
382,Manhattan,2019,7,459,2,105,2,119,0,235,0
383,Manhattan,2019,8,427,1,110,1,111,0,206,0
384,Manhattan,2019,9,456,0,119,0,100,0,237,0
385,Manhattan,2019,10,444,0,134,0,100,0,210,0
386,Manhattan,2019,11,355,0,105,0,73,0,177,0
387,Manhattan,2019,12,410,1,141,1,51,0,218,0
388,Manhattan,2020,1,286,1,97,1,53,0,136,0
389,Manhattan,2020,2,331,2,108,1,52,0,171,1
390,Manhattan,2020,3,227,0,64,0,57,0,106,0
391,Manhattan,2020,4,87,0,15,0,25,0,47,0
392,Manhattan,2020,5,205,1,31,0,57,0,117,1
393,Manhattan,2020,6,293,1,39,0,107,0,147,1
394,Manhattan,2020,7,344,0,52,0,116,0,176,0
395,Manhattan,2020,8,317,0,53,0,101,0,163,0
396,Manhattan,2020,9,363,1,77,0,111,0,175,1
397,Manhattan,2020,10,350,0,76,0,108,0,166,0
398,Manhattan,2020,11,294,1,68,0,89,0,137,1
399,Manhattan,2020,12,242,0,77,0,47,0,118,0
400,Manhattan,2021,1,200,0,42,0,53,0,105,0
401,Manhattan,2021,2,209,0,60,0,41,0,108,0
402,Manhattan,2021,3,243,0,59,0,46,0,133,0
403,Manhattan,2021,4,347,0,66,0,72,0,188,0
404,Manhattan,2021,5,401,0,85,0,102,0,187,0
405,Manhattan,2021,6,406,0,88,0,99,0,186,0
406,Manhattan,2021,7,396,0,74,0,87,0,203,0
407,Manhattan,2021,8,431,2,88,2,99,0,211,0
408,Manhattan,2021,9,425,0,97,0,99,0,186,0
409,Manhattan,2021,10,455,0,107,0,111,0,205,0
410,Manhattan,2021,11,433,0,86,0,85,0,239,0
411,Manhattan,2021,12,359,0,93,0,87,0,155,0
412,Manhattan,2022,1,256,0,72,0,42,0,131,0
413,Manhattan,2022,2,288,0,84,0,49,0,142,0
414,Manhattan,2022,3,367,1,90,1,74,0,185,0
415,Manhattan,2022,4,400,0,81,0,94,0,191,0
416,Manhattan,2022,5,451,1,79,1,123,0,215,0
417,Manhattan,2022,6,467,1,76,1,131,0,231,0
418,Manhattan,2022,7,461,1,91,0,121,0,211,1
419,Manhattan,2022,8,431,2,97,2,109,0,193,0
420,Manhattan,2022,9,427,0,107,0,114,0,176,0
421,Manhattan,2022,10,442,0,125,0,92,0,202,0
422,Manhattan,2022,11,330,0,95,0,89,0,135,0
423,Manhattan,2022,12,358,0,113,0,65,0,169,0
424,Manhattan,2023,1,320,0,94,0,47,0,160,0
425,Manhattan,2023,2,275,0,68,0,59,0,132,0
426,Manhattan,2023,3,389,0,97,0,94,0,171,0
427,Manhattan,2023,4,368,0,81,0,92,0,181,0
428,Manhattan,2023,5,520,0,88,0,131,0,274,0
429,Manhattan,2023,6,544,1,104,1,120,0,284,0
430,Manhattan,2023,7,514,2,89,0,106,0,293,2
431,Manhattan,2023,8,513,1,110,0,129,0,247,1
432,Manhattan,2023,9,471,0,111,0,126,0,200,0
433,Manhattan,2023,10,547,2,131,1,125,0,270,1
434,Manhattan,2023,11,421,0,117,0,97,0,187,0
435,Manhattan,2023,12,412,2,100,1,97,0,200,1
436,Manhattan,2024,1,319,0,107,0,56,0,151,0
437,Manhattan,2024,2,361,0,88,0,94,0,167,0
438,Manhattan,2024,3,369,0,89,0,87,0,184,0
439,Manhattan,2024,4,381,1,91,1,93,0,174,0
440,Manhattan,2024,5,494,0,113,0,124,0,229,0
441,Manhattan,2024,6,520,0,110,0,116,0,268,0
442,Manhattan,2024,7,446,7,119,6,123,0,188,1
443,Manhattan,2024,8,509,0,118,0,142,0,226,0
444,Manhattan,2024,9,446,0,102,0,117,0,204,0
445,Manhattan,2024,10,538,2,129,0,140,0,245,2
446,Manhattan,2024,11,177,0,53,0,38,0,82,0
447,Queens,2012,7,906,5,154,0,80,0,672,5
448,Queens,2012,8,958,0,158,0,81,0,719,0
449,Queens,2012,9,914,0,178,0,88,0,648,0
450,Queens,2012,10,950,0,211,0,55,0,684,0
451,Queens,2012,11,859,2,211,0,64,0,584,2
452,Queens,2012,12,917,1,260,0,34,0,623,1
453,Queens,2013,1,819,0,246,0,36,0,537,0
454,Queens,2013,2,623,1,180,1,27,0,416,0
455,Queens,2013,3,864,1,188,1,48,0,628,0
456,Queens,2013,4,860,2,161,2,58,0,641,0
457,Queens,2013,5,1015,0,170,0,70,0,775,0
458,Queens,2013,6,950,0,165,0,98,0,687,0
459,Queens,2013,7,967,2,152,0,68,0,747,2
460,Queens,2013,8,922,3,159,0,88,0,675,3
461,Queens,2013,9,978,2,213,0,88,0,677,2
462,Queens,2013,10,941,0,210,0,64,0,667,0
463,Queens,2013,11,875,4,230,3,46,0,599,1
464,Queens,2013,12,865,1,248,0,30,0,587,1
465,Queens,2014,1,748,0,229,0,24,0,495,0
466,Queens,2014,2,597,0,154,0,11,0,432,0
467,Queens,2014,3,749,1,186,0,32,0,531,1
468,Queens,2014,4,768,4,153,0,54,0,561,4
469,Queens,2014,5,894,0,165,0,64,0,665,0
470,Queens,2014,6,924,0,181,0,74,0,669,0
471,Queens,2014,7,899,3,143,1,111,0,645,2
472,Queens,2014,8,851,0,138,0,86,0,627,0
473,Queens,2014,9,801,2,139,0,86,0,576,2
474,Queens,2014,10,999,0,199,0,75,0,725,0
475,Queens,2014,11,915,1,237,1,60,0,618,0
476,Queens,2014,12,851,1,260,0,33,0,557,1
477,Queens,2015,1,719,1,185,0,14,0,520,1
478,Queens,2015,2,506,0,101,0,16,0,389,0
479,Queens,2015,3,776,0,161,0,27,0,588,0
480,Queens,2015,4,726,0,132,0,54,0,540,0
481,Queens,2015,5,983,1,140,0,78,0,765,1
482,Queens,2015,6,1037,0,136,0,88,0,813,0
483,Queens,2015,7,966,4,154,0,113,0,699,4
484,Queens,2015,8,932,1,127,0,114,0,691,1
485,Queens,2015,9,920,0,157,0,95,0,668,0
486,Queens,2015,10,1023,1,242,1,60,0,721,0
487,Queens,2015,11,888,0,217,0,62,0,609,0
488,Queens,2015,12,934,1,242,0,42,0,650,1
489,Queens,2016,1,745,0,199,0,28,0,518,0
490,Queens,2016,2,702,1,196,0,20,0,486,1
491,Queens,2016,3,547,0,111,0,31,0,407,0
492,Queens,2016,4,292,0,50,0,17,0,224,0
493,Queens,2016,5,910,1,137,0,62,0,711,1
494,Queens,2016,6,951,0,141,0,71,0,739,0
495,Queens,2016,7,957,2,107,0,77,0,773,2
496,Queens,2016,8,886,2,107,2,89,0,690,0
497,Queens,2016,9,913,1,130,0,81,0,702,1
498,Queens,2016,10,853,0,181,0,67,0,605,0
499,Queens,2016,11,914,0,200,0,57,0,657,0
500,Queens,2016,12,823,0,183,0,35,0,606,0
501,Queens,2017,1,726,0,183,0,33,0,509,0
502,Queens,2017,2,650,0,129,0,30,0,490,0
503,Queens,2017,3,730,1,167,0,30,0,531,1
504,Queens,2017,4,691,0,118,0,46,0,527,0
505,Queens,2017,5,923,0,134,0,71,0,717,0
506,Queens,2017,6,925,3,116,0,92,0,717,3
507,Queens,2017,7,871,0,109,0,91,0,671,0
508,Queens,2017,8,828,0,109,0,69,0,650,0
509,Queens,2017,9,806,4,118,2,85,0,600,2
510,Queens,2017,10,790,0,182,0,49,0,559,0
511,Queens,2017,11,809,1,173,0,40,0,595,1
512,Queens,2017,12,850,1,173,1,41,0,635,0
513,Queens,2018,1,713,1,157,0,28,0,528,1
514,Queens,2018,2,661,1,184,1,17,0,460,0
515,Queens,2018,3,819,0,141,0,24,0,653,0
516,Queens,2018,4,801,0,133,0,43,0,625,0
517,Queens,2018,5,914,2,127,0,52,0,735,2
518,Queens,2018,6,957,0,119,0,67,0,771,0
519,Queens,2018,7,937,1,100,0,71,0,766,1
520,Queens,2018,8,893,1,113,0,86,0,694,1
521,Queens,2018,9,878,0,135,0,63,0,679,0
522,Queens,2018,10,1011,0,156,0,83,0,772,0
523,Queens,2018,11,929,2,201,0,49,0,679,2
524,Queens,2018,12,942,0,243,0,29,0,670,0
525,Queens,2019,1,785,0,192,0,33,0,560,0
526,Queens,2019,2,711,1,149,1,24,0,538,0
527,Queens,2019,3,806,0,146,0,32,0,628,0
528,Queens,2019,4,840,0,127,0,59,0,654,0
529,Queens,2019,5,961,1,152,0,69,0,740,1
530,Queens,2019,6,1062,1,120,0,91,0,851,1
531,Queens,2019,7,938,0,85,0,76,0,777,0
532,Queens,2019,8,920,0,110,0,91,0,719,0
533,Queens,2019,9,858,1,121,0,63,0,674,1
534,Queens,2019,10,958,1,156,0,86,1,716,0
535,Queens,2019,11,837,1,178,1,47,0,612,0
536,Queens,2019,12,926,1,228,1,37,0,661,0
537,Queens,2020,1,792,2,190,1,44,0,558,1
538,Queens,2020,2,712,1,151,1,33,0,528,0
539,Queens,2020,3,538,0,103,0,27,0,408,0
540,Queens,2020,4,172,1,18,0,21,0,133,1
541,Queens,2020,5,338,1,48,0,52,0,238,1
542,Queens,2020,6,565,2,65,0,105,0,395,2
543,Queens,2020,7,633,0,77,0,110,0,446,0
544,Queens,2020,8,696,2,73,1,112,0,511,1
545,Queens,2020,9,718,3,95,0,122,0,501,3
546,Queens,2020,10,629,5,96,2,92,0,441,3
547,Queens,2020,11,572,2,107,0,65,0,400,2
548,Queens,2020,12,538,1,91,0,57,0,390,1
549,Queens,2021,1,478,2,71,0,40,0,367,2
550,Queens,2021,2,372,0,58,0,18,0,296,0
551,Queens,2021,3,489,0,72,0,44,0,367,0
552,Queens,2021,4,603,1,87,0,51,0,434,1
553,Queens,2021,5,791,1,91,1,70,0,586,0
554,Queens,2021,6,780,1,99,0,72,0,555,1
555,Queens,2021,7,756,2,86,0,67,0,548,2
556,Queens,2021,8,693,1,81,0,70,0,506,1
557,Queens,2021,9,780,0,112,0,62,0,563,0
558,Queens,2021,10,803,0,121,0,85,0,549,0
559,Queens,2021,11,758,0,116,0,62,0,540,0
560,Queens,2021,12,662,0,126,0,43,0,460,0
561,Queens,2022,1,468,0,105,0,21,0,330,0
562,Queens,2022,2,472,2,98,0,22,0,329,2
563,Queens,2022,3,641,0,110,0,26,0,464,0
564,Queens,2022,4,589,0,97,0,40,0,418,0
565,Queens,2022,5,612,0,81,0,51,0,448,0
566,Queens,2022,6,769,0,86,0,66,0,563,0
567,Queens,2022,7,741,1,84,0,70,0,539,1
568,Queens,2022,8,755,1,112,1,85,0,499,0
569,Queens,2022,9,763,1,108,1,88,0,514,0
570,Queens,2022,10,693,0,153,0,66,0,437,0
571,Queens,2022,11,698,0,147,0,57,0,458,0
572,Queens,2022,12,666,0,171,0,30,0,441,0
573,Queens,2023,1,625,0,152,0,35,0,411,0
574,Queens,2023,2,584,1,116,1,33,0,415,0
575,Queens,2023,3,684,0,129,0,43,0,485,0
576,Queens,2023,4,701,0,90,0,54,0,530,0
577,Queens,2023,5,802,1,123,0,83,0,551,1
578,Queens,2023,6,749,0,93,0,64,0,555,0
579,Queens,2023,7,825,2,104,0,78,0,600,2
580,Queens,2023,8,791,0,83,0,75,0,581,0
581,Queens,2023,9,803,0,122,0,82,0,564,0
582,Queens,2023,10,901,1,160,0,74,0,617,1
583,Queens,2023,11,796,0,183,0,51,0,530,0
584,Queens,2023,12,815,2,181,0,44,0,555,2
585,Queens,2024,1,691,0,166,0,30,0,474,0
586,Queens,2024,2,717,2,146,0,35,0,515,2
587,Queens,2024,3,720,1,135,1,41,0,516,0
588,Queens,2024,4,670,1,115,1,63,0,473,0
589,Queens,2024,5,858,0,121,0,59,0,647,0
590,Queens,2024,6,918,2,136,2,100,0,642,0
591,Queens,2024,7,716,0,83,0,80,0,508,0
592,Queens,2024,8,874,1,107,0,80,0,651,1
593,Queens,2024,9,837,0,108,0,90,0,588,0
594,Queens,2024,10,835,0,157,0,101,0,547,0
595,Queens,2024,11,266,0,59,0,18,0,183,0
596,Staten Island,2012,7,184,0,20,0,8,0,156,0
597,Staten Island,2012,8,220,2,29,0,8,0,183,2
598,Staten Island,2012,9,207,0,23,0,6,0,178,0
599,Staten Island,2012,10,225,0,28,0,2,0,195,0
600,Staten Island,2012,11,205,0,47,0,3,0,155,0
601,Staten Island,2012,12,204,0,54,0,0,0,150,0
602,Staten Island,2013,1,180,0,40,0,0,0,140,0
603,Staten Island,2013,2,157,1,26,1,0,0,131,0
604,Staten Island,2013,3,208,0,22,0,2,0,184,0
605,Staten Island,2013,4,221,0,29,0,4,0,188,0
606,Staten Island,2013,5,210,0,34,0,4,0,172,0
607,Staten Island,2013,6,246,0,27,0,5,0,214,0
608,Staten Island,2013,7,168,0,28,0,1,0,139,0
609,Staten Island,2013,8,145,1,23,1,5,0,117,0
610,Staten Island,2013,9,135,0,12,0,7,0,116,0
611,Staten Island,2013,10,156,0,30,0,6,0,120,0
612,Staten Island,2013,11,155,0,25,0,1,0,129,0
613,Staten Island,2013,12,129,2,20,1,0,0,109,1
614,Staten Island,2014,1,138,1,31,0,1,0,106,1
615,Staten Island,2014,2,115,0,22,0,1,0,92,0
616,Staten Island,2014,3,114,0,23,0,1,0,90,0
617,Staten Island,2014,4,116,0,25,0,4,0,87,0
618,Staten Island,2014,5,124,0,15,0,1,0,108,0
619,Staten Island,2014,6,142,1,19,1,5,0,118,0
620,Staten Island,2014,7,130,0,12,0,6,0,112,0
621,Staten Island,2014,8,145,0,12,0,7,0,126,0
622,Staten Island,2014,9,130,0,11,0,7,0,112,0
623,Staten Island,2014,10,157,0,15,0,2,0,140,0
624,Staten Island,2014,11,145,0,23,0,2,0,120,0
625,Staten Island,2014,12,118,1,20,0,2,0,96,1
626,Staten Island,2015,1,115,0,21,0,0,0,94,0
627,Staten Island,2015,2,132,0,22,0,0,0,110,0
628,Staten Island,2015,3,121,1,15,0,2,0,104,1
629,Staten Island,2015,4,112,0,13,0,6,0,93,0
630,Staten Island,2015,5,149,1,23,0,1,0,125,1
631,Staten Island,2015,6,122,0,14,0,2,0,106,0
632,Staten Island,2015,7,147,0,14,0,5,0,128,0
633,Staten Island,2015,8,137,0,15,0,2,0,120,0
634,Staten Island,2015,9,123,1,19,0,7,1,97,0
635,Staten Island,2015,10,131,0,23,0,3,0,105,0
636,Staten Island,2015,11,130,1,30,0,0,0,100,1
637,Staten Island,2015,12,125,0,26,0,1,0,98,0
638,Staten Island,2016,1,80,1,18,0,2,0,60,1
639,Staten Island,2016,2,101,0,30,0,1,0,70,0
640,Staten Island,2016,3,58,0,15,0,3,0,40,0
641,Staten Island,2016,4,15,0,1,0,1,0,13,0
642,Staten Island,2016,5,117,1,9,0,6,0,102,1
643,Staten Island,2016,6,139,0,13,0,3,0,123,0
644,Staten Island,2016,7,125,0,22,0,7,0,96,0
645,Staten Island,2016,8,111,0,10,0,5,0,96,0
646,Staten Island,2016,9,123,0,16,0,2,0,105,0
647,Staten Island,2016,10,115,0,18,0,7,0,90,0
648,Staten Island,2016,11,149,0,21,0,3,0,125,0
649,Staten Island,2016,12,101,0,11,0,1,0,89,0
650,Staten Island,2017,1,148,0,24,0,3,0,121,0
651,Staten Island,2017,2,105,0,20,0,2,0,83,0
652,Staten Island,2017,3,97,0,11,0,0,0,86,0
653,Staten Island,2017,4,122,1,11,0,4,0,106,1
654,Staten Island,2017,5,147,0,13,0,6,0,128,0
655,Staten Island,2017,6,124,0,21,0,5,0,97,0
656,Staten Island,2017,7,145,0,11,0,8,0,126,0
657,Staten Island,2017,8,85,0,7,0,5,0,73,0
658,Staten Island,2017,9,129,0,23,0,5,0,101,0
659,Staten Island,2017,10,128,1,25,0,2,0,101,1
660,Staten Island,2017,11,128,0,18,0,7,0,103,0
661,Staten Island,2017,12,126,0,23,0,0,0,103,0
662,Staten Island,2018,1,89,0,12,0,1,0,76,0
663,Staten Island,2018,2,77,0,9,0,0,0,68,0
664,Staten Island,2018,3,86,0,12,0,1,0,73,0
665,Staten Island,2018,4,120,1,10,0,4,0,106,1
666,Staten Island,2018,5,147,1,17,0,7,0,123,1
667,Staten Island,2018,6,127,0,9,0,5,0,113,0
668,Staten Island,2018,7,100,0,8,0,4,0,88,0
669,Staten Island,2018,8,107,0,8,0,4,0,95,0
670,Staten Island,2018,9,87,0,12,0,4,0,71,0
671,Staten Island,2018,10,111,0,18,0,5,0,88,0
672,Staten Island,2018,11,111,0,12,0,2,0,97,0
673,Staten Island,2018,12,134,1,23,1,1,0,110,0
674,Staten Island,2019,1,143,0,23,0,0,0,120,0
675,Staten Island,2019,2,96,0,14,0,2,0,80,0
676,Staten Island,2019,3,77,0,11,0,1,0,65,0
677,Staten Island,2019,4,82,0,7,0,4,0,71,0
678,Staten Island,2019,5,143,0,21,0,4,0,118,0
679,Staten Island,2019,6,171,0,13,0,5,0,153,0
680,Staten Island,2019,7,106,0,16,0,9,0,81,0
681,Staten Island,2019,8,105,0,8,0,5,0,92,0
682,Staten Island,2019,9,109,0,14,0,5,0,90,0
683,Staten Island,2019,10,97,0,13,0,1,0,83,0
684,Staten Island,2019,11,107,0,21,0,1,0,85,0
685,Staten Island,2019,12,105,0,24,0,3,0,78,0
686,Staten Island,2020,1,104,1,15,0,0,0,89,1
687,Staten Island,2020,2,91,0,12,0,0,0,79,0
688,Staten Island,2020,3,59,0,11,0,3,0,45,0
689,Staten Island,2020,4,38,1,4,0,3,0,31,1
690,Staten Island,2020,5,52,0,2,0,2,0,48,0
691,Staten Island,2020,6,86,1,6,0,10,0,70,1
692,Staten Island,2020,7,83,0,6,0,6,0,71,0
693,Staten Island,2020,8,93,0,7,0,5,0,81,0
694,Staten Island,2020,9,75,0,7,0,7,0,61,0
695,Staten Island,2020,10,81,0,12,0,4,0,65,0
696,Staten Island,2020,11,54,0,12,0,3,0,39,0
697,Staten Island,2020,12,78,0,11,0,4,0,63,0
698,Staten Island,2021,1,65,1,4,1,1,0,60,0
699,Staten Island,2021,2,35,0,1,0,0,0,34,0
700,Staten Island,2021,3,59,1,2,0,9,0,48,1
701,Staten Island,2021,4,75,0,7,0,6,0,62,0
702,Staten Island,2021,5,111,0,4,0,4,0,103,0
703,Staten Island,2021,6,108,0,12,0,9,0,85,0
704,Staten Island,2021,7,93,0,5,0,3,0,83,0
705,Staten Island,2021,8,85,0,6,0,4,0,74,0
706,Staten Island,2021,9,116,0,9,0,7,0,99,0
707,Staten Island,2021,10,83,0,11,0,4,0,68,0
708,Staten Island,2021,11,76,0,14,0,4,0,57,0
709,Staten Island,2021,12,114,1,21,0,3,0,90,1
710,Staten Island,2022,1,74,0,12,0,3,0,59,0
711,Staten Island,2022,2,68,0,12,0,0,0,56,0
712,Staten Island,2022,3,112,0,20,0,0,0,90,0
713,Staten Island,2022,4,70,0,10,0,1,0,58,0
714,Staten Island,2022,5,96,1,10,1,4,0,82,0
715,Staten Island,2022,6,97,0,14,0,7,0,73,0
716,Staten Island,2022,7,113,3,7,0,6,0,98,3
717,Staten Island,2022,8,121,0,12,0,5,0,102,0
718,Staten Island,2022,9,121,0,19,0,6,0,93,0
719,Staten Island,2022,10,75,1,17,0,0,0,58,1
720,Staten Island,2022,11,109,0,21,0,1,0,87,0
721,Staten Island,2022,12,73,0,19,0,2,0,52,0
722,Staten Island,2023,1,77,0,14,0,3,0,60,0
723,Staten Island,2023,2,60,0,12,0,3,0,44,0
724,Staten Island,2023,3,99,0,13,0,1,0,85,0
725,Staten Island,2023,4,100,0,11,0,5,0,83,0
726,Staten Island,2023,5,115,0,14,0,7,0,90,0
727,Staten Island,2023,6,116,0,12,0,5,0,97,0
728,Staten Island,2023,7,121,0,12,0,7,0,101,0
729,Staten Island,2023,8,102,0,9,0,7,0,85,0
730,Staten Island,2023,9,120,0,22,0,4,0,90,0
731,Staten Island,2023,10,109,0,13,0,4,0,89,0
732,Staten Island,2023,11,123,0,22,0,3,0,94,0
733,Staten Island,2023,12,150,0,22,0,1,0,126,0
734,Staten Island,2024,1,92,0,19,0,2,0,71,0
735,Staten Island,2024,2,100,0,16,0,1,0,82,0
736,Staten Island,2024,3,92,0,9,0,4,0,77,0
737,Staten Island,2024,4,79,0,11,0,4,0,64,0
738,Staten Island,2024,5,130,0,21,0,5,0,100,0
739,Staten Island,2024,6,81,0,7,0,7,0,64,0
740,Staten Island,2024,7,103,0,8,0,8,0,85,0
741,Staten Island,2024,8,94,0,8,0,10,0,74,0
742,Staten Island,2024,9,96,0,20,0,7,0,66,0
743,Staten Island,2024,10,143,1,28,0,11,0,103,1
744,Staten Island,2024,11,33,0,10,0,1,0,22,0
