,borough,year,time_bin,total_injured,total_killed
0,Bronx,2012,00:00 - 00:59,1.3,0.0
1,Bronx,2012,01:00 - 01:59,1.7,0.0
2,Bronx,2012,02:00 - 02:59,1.5,0.0
3,Bronx,2012,03:00 - 03:59,1.4,0.0
4,Bronx,2012,04:00 - 04:59,1.5,0.0
5,Bronx,2012,05:00 - 05:59,1.3,0.0
6,Bronx,2012,06:00 - 06:59,1.2,0.0
7,Bronx,2012,07:00 - 07:59,1.3,0.0
8,Bronx,2012,08:00 - 08:59,1.5,0.0
9,Bronx,2012,09:00 - 09:59,1.3,0.0
10,Bronx,2012,10:00 - 10:59,1.4,0.0
11,Bronx,2012,11:00 - 11:59,1.3,0.0
12,Bronx,2012,12:00 - 12:59,1.3,0.0
13,Bronx,2012,13:00 - 13:59,1.6,0.0
14,Bronx,2012,14:00 - 14:59,1.5,0.0
15,Bronx,2012,15:00 - 15:59,1.3,0.0
16,Bronx,2012,16:00 - 16:59,1.5,0.0
17,Bronx,2012,17:00 - 17:59,1.3,0.0
18,Bronx,2012,18:00 - 18:59,1.4,0.0
19,Bronx,2012,19:00 - 19:59,1.4,0.0
20,Bronx,2012,20:00 - 20:59,1.4,0.0
21,Bronx,2012,21:00 - 21:59,1.3,0.0
22,Bronx,2012,22:00 - 22:59,1.3,0.0
23,Bronx,2012,23:00 - 23:59,1.6,0.0
24,Bronx,2013,00:00 - 00:59,1.4,0.0
25,Bronx,2013,01:00 - 01:59,1.5,0.0
26,Bronx,2013,02:00 - 02:59,1.5,0.0
27,Bronx,2013,03:00 - 03:59,1.7,0.0
28,Bronx,2013,04:00 - 04:59,1.5,0.0
29,Bronx,2013,05:00 - 05:59,1.6,0.0
30,Bronx,2013,06:00 - 06:59,1.4,0.0
31,Bronx,2013,07:00 - 07:59,1.4,0.0
32,Bronx,2013,08:00 - 08:59,1.4,0.0
33,Bronx,2013,09:00 - 09:59,1.3,0.0
34,Bronx,2013,10:00 - 10:59,1.4,0.0
35,Bronx,2013,11:00 - 11:59,1.3,0.0
36,Bronx,2013,12:00 - 12:59,1.3,0.0
37,Bronx,2013,13:00 - 13:59,1.5,0.0
38,Bronx,2013,14:00 - 14:59,1.5,0.0
39,Bronx,2013,15:00 - 15:59,1.3,0.0
40,Bronx,2013,16:00 - 16:59,1.4,0.0
41,Bronx,2013,17:00 - 17:59,1.4,0.0
42,Bronx,2013,18:00 - 18:59,1.3,0.0
43,Bronx,2013,19:00 - 19:59,1.3,0.0
44,Bronx,2013,20:00 - 20:59,1.3,0.0
45,Bronx,2013,21:00 - 21:59,1.3,0.0
46,Bronx,2013,22:00 - 22:59,1.5,0.0
47,Bronx,2013,23:00 - 23:59,1.4,0.0
48,Bronx,2014,00:00 - 00:59,1.5,0.0
49,Bronx,2014,01:00 - 01:59,1.4,0.0
50,Bronx,2014,02:00 - 02:59,1.5,0.0
51,Bronx,2014,03:00 - 03:59,1.5,0.0
52,Bronx,2014,04:00 - 04:59,1.5,0.0
53,Bronx,2014,05:00 - 05:59,1.6,0.0
54,Bronx,2014,06:00 - 06:59,1.3,0.0
55,Bronx,2014,07:00 - 07:59,1.4,0.0
56,Bronx,2014,08:00 - 08:59,1.6,0.0
57,Bronx,2014,09:00 - 09:59,1.3,0.0
58,Bronx,2014,10:00 - 10:59,1.5,0.0
59,Bronx,2014,11:00 - 11:59,1.3,0.0
60,Bronx,2014,12:00 - 12:59,1.3,0.0
61,Bronx,2014,13:00 - 13:59,1.4,0.0
62,Bronx,2014,14:00 - 14:59,1.5,0.0
63,Bronx,2014,15:00 - 15:59,1.3,0.0
64,Bronx,2014,16:00 - 16:59,1.4,0.0
65,Bronx,2014,17:00 - 17:59,1.4,0.0
66,Bronx,2014,18:00 - 18:59,1.3,0.0
67,Bronx,2014,19:00 - 19:59,1.3,0.0
68,Bronx,2014,20:00 - 20:59,1.4,0.0
69,Bronx,2014,21:00 - 21:59,1.4,0.0
70,Bronx,2014,22:00 - 22:59,1.5,0.0
71,Bronx,2014,23:00 - 23:59,1.5,0.0
72,Bronx,2015,00:00 - 00:59,1.4,0.0
73,Bronx,2015,01:00 - 01:59,1.3,0.0
74,Bronx,2015,02:00 - 02:59,1.6,0.0
75,Bronx,2015,03:00 - 03:59,1.3,0.0
76,Bronx,2015,04:00 - 04:59,1.6,0.0
77,Bronx,2015,05:00 - 05:59,1.2,0.0
78,Bronx,2015,06:00 - 06:59,1.3,0.0
79,Bronx,2015,07:00 - 07:59,1.3,0.0
80,Bronx,2015,08:00 - 08:59,1.4,0.0
81,Bronx,2015,09:00 - 09:59,1.5,0.0
82,Bronx,2015,10:00 - 10:59,1.4,0.0
83,Bronx,2015,11:00 - 11:59,1.3,0.0
84,Bronx,2015,12:00 - 12:59,1.2,0.0
85,Bronx,2015,13:00 - 13:59,1.3,0.0
86,Bronx,2015,14:00 - 14:59,1.4,0.0
87,Bronx,2015,15:00 - 15:59,1.4,0.0
88,Bronx,2015,16:00 - 16:59,1.4,0.0
89,Bronx,2015,17:00 - 17:59,1.2,0.0
90,Bronx,2015,18:00 - 18:59,1.4,0.0
91,Bronx,2015,19:00 - 19:59,1.2,0.0
92,Bronx,2015,20:00 - 20:59,1.3,0.0
93,Bronx,2015,21:00 - 21:59,1.5,0.0
94,Bronx,2015,22:00 - 22:59,1.6,0.0
95,Bronx,2015,23:00 - 23:59,1.4,0.0
96,Bronx,2016,00:00 - 00:59,1.4,0.0
97,Bronx,2016,01:00 - 01:59,1.7,0.0
98,Bronx,2016,02:00 - 02:59,1.5,0.0
99,Bronx,2016,03:00 - 03:59,1.5,0.0
100,Bronx,2016,04:00 - 04:59,1.4,0.0
101,Bronx,2016,05:00 - 05:59,1.2,0.0
102,Bronx,2016,06:00 - 06:59,1.3,0.0
103,Bronx,2016,07:00 - 07:59,1.4,0.0
104,Bronx,2016,08:00 - 08:59,1.5,0.0
105,Bronx,2016,09:00 - 09:59,1.4,0.0
106,Bronx,2016,10:00 - 10:59,1.4,0.0
107,Bronx,2016,11:00 - 11:59,1.4,0.0
108,Bronx,2016,12:00 - 12:59,1.3,0.0
109,Bronx,2016,13:00 - 13:59,1.5,0.0
110,Bronx,2016,14:00 - 14:59,1.4,0.0
111,Bronx,2016,15:00 - 15:59,1.4,0.0
112,Bronx,2016,16:00 - 16:59,1.4,0.0
113,Bronx,2016,17:00 - 17:59,1.3,0.0
114,Bronx,2016,18:00 - 18:59,1.4,0.0
115,Bronx,2016,19:00 - 19:59,1.4,0.0
116,Bronx,2016,20:00 - 20:59,1.4,0.0
117,Bronx,2016,21:00 - 21:59,1.6,0.0
118,Bronx,2016,22:00 - 22:59,1.7,0.0
119,Bronx,2016,23:00 - 23:59,1.5,0.0
120,Bronx,2017,00:00 - 00:59,1.6,0.0
121,Bronx,2017,01:00 - 01:59,1.6,0.0
122,Bronx,2017,02:00 - 02:59,1.4,0.0
123,Bronx,2017,03:00 - 03:59,1.5,0.0
124,Bronx,2017,04:00 - 04:59,1.5,0.0
125,Bronx,2017,05:00 - 05:59,1.3,0.0
126,Bronx,2017,06:00 - 06:59,1.2,0.0
127,Bronx,2017,07:00 - 07:59,1.4,0.0
128,Bronx,2017,08:00 - 08:59,1.3,0.0
129,Bronx,2017,09:00 - 09:59,1.4,0.0
130,Bronx,2017,10:00 - 10:59,1.3,0.0
131,Bronx,2017,11:00 - 11:59,1.3,0.0
132,Bronx,2017,12:00 - 12:59,1.3,0.0
133,Bronx,2017,13:00 - 13:59,1.4,0.0
134,Bronx,2017,14:00 - 14:59,1.3,0.0
135,Bronx,2017,15:00 - 15:59,1.3,0.0
136,Bronx,2017,16:00 - 16:59,1.4,0.0
137,Bronx,2017,17:00 - 17:59,1.4,0.0
138,Bronx,2017,18:00 - 18:59,1.4,0.0
139,Bronx,2017,19:00 - 19:59,1.4,0.0
140,Bronx,2017,20:00 - 20:59,1.4,0.0
141,Bronx,2017,21:00 - 21:59,1.6,0.0
142,Bronx,2017,22:00 - 22:59,1.7,0.0
143,Bronx,2017,23:00 - 23:59,1.5,0.0
144,Bronx,2018,00:00 - 00:59,1.4,0.0
145,Bronx,2018,01:00 - 01:59,1.6,0.0
146,Bronx,2018,02:00 - 02:59,1.5,0.0
147,Bronx,2018,03:00 - 03:59,1.5,0.0
148,Bronx,2018,04:00 - 04:59,1.6,0.0
149,Bronx,2018,05:00 - 05:59,1.2,0.0
150,Bronx,2018,06:00 - 06:59,1.3,0.0
151,Bronx,2018,07:00 - 07:59,1.3,0.0
152,Bronx,2018,08:00 - 08:59,1.3,0.0
153,Bronx,2018,09:00 - 09:59,1.3,0.0
154,Bronx,2018,10:00 - 10:59,1.4,0.0
155,Bronx,2018,11:00 - 11:59,1.3,0.0
156,Bronx,2018,12:00 - 12:59,1.4,0.0
157,Bronx,2018,13:00 - 13:59,1.3,0.0
158,Bronx,2018,14:00 - 14:59,1.4,0.0
159,Bronx,2018,15:00 - 15:59,1.4,0.0
160,Bronx,2018,16:00 - 16:59,1.4,0.0
161,Bronx,2018,17:00 - 17:59,1.3,0.0
162,Bronx,2018,18:00 - 18:59,1.4,0.0
163,Bronx,2018,19:00 - 19:59,1.5,0.0
164,Bronx,2018,20:00 - 20:59,1.3,0.0
165,Bronx,2018,21:00 - 21:59,1.5,0.0
166,Bronx,2018,22:00 - 22:59,1.4,0.0
167,Bronx,2018,23:00 - 23:59,1.4,0.0
168,Bronx,2019,00:00 - 00:59,1.5,0.0
169,Bronx,2019,01:00 - 01:59,1.6,0.0
170,Bronx,2019,02:00 - 02:59,1.3,0.0
171,Bronx,2019,03:00 - 03:59,1.5,0.0
172,Bronx,2019,04:00 - 04:59,1.3,0.0
173,Bronx,2019,05:00 - 05:59,1.4,0.0
174,Bronx,2019,06:00 - 06:59,1.2,0.0
175,Bronx,2019,07:00 - 07:59,1.4,0.0
176,Bronx,2019,08:00 - 08:59,1.3,0.0
177,Bronx,2019,09:00 - 09:59,1.2,0.0
178,Bronx,2019,10:00 - 10:59,1.3,0.0
179,Bronx,2019,11:00 - 11:59,1.4,0.0
180,Bronx,2019,12:00 - 12:59,1.3,0.0
181,Bronx,2019,13:00 - 13:59,1.3,0.0
182,Bronx,2019,14:00 - 14:59,1.4,0.0
183,Bronx,2019,15:00 - 15:59,1.3,0.0
184,Bronx,2019,16:00 - 16:59,1.4,0.0
185,Bronx,2019,17:00 - 17:59,1.3,0.0
186,Bronx,2019,18:00 - 18:59,1.4,0.0
187,Bronx,2019,19:00 - 19:59,1.4,0.0
188,Bronx,2019,20:00 - 20:59,1.4,0.0
189,Bronx,2019,21:00 - 21:59,1.5,0.0
190,Bronx,2019,22:00 - 22:59,1.5,0.0
191,Bronx,2019,23:00 - 23:59,1.6,0.0
192,Bronx,2020,00:00 - 00:59,1.4,0.0
193,Bronx,2020,01:00 - 01:59,1.4,0.0
194,Bronx,2020,02:00 - 02:59,1.7,0.0
195,Bronx,2020,03:00 - 03:59,1.3,0.0
196,Bronx,2020,04:00 - 04:59,1.4,0.0
197,Bronx,2020,05:00 - 05:59,1.3,0.0
198,Bronx,2020,06:00 - 06:59,1.1,0.0
199,Bronx,2020,07:00 - 07:59,1.3,0.0
200,Bronx,2020,08:00 - 08:59,1.2,0.0
201,Bronx,2020,09:00 - 09:59,1.2,0.0
202,Bronx,2020,10:00 - 10:59,1.2,0.0
203,Bronx,2020,11:00 - 11:59,1.3,0.0
204,Bronx,2020,12:00 - 12:59,1.3,0.0
205,Bronx,2020,13:00 - 13:59,1.3,0.0
206,Bronx,2020,14:00 - 14:59,1.4,0.0
207,Bronx,2020,15:00 - 15:59,1.2,0.0
208,Bronx,2020,16:00 - 16:59,1.4,0.0
209,Bronx,2020,17:00 - 17:59,1.3,0.0
210,Bronx,2020,18:00 - 18:59,1.3,0.0
211,Bronx,2020,19:00 - 19:59,1.4,0.0
212,Bronx,2020,20:00 - 20:59,1.3,0.0
213,Bronx,2020,21:00 - 21:59,1.4,0.0
214,Bronx,2020,22:00 - 22:59,1.5,0.0
215,Bronx,2020,23:00 - 23:59,1.5,0.0
216,Bronx,2021,00:00 - 00:59,1.3,0.0
217,Bronx,2021,01:00 - 01:59,1.6,0.0
218,Bronx,2021,02:00 - 02:59,1.7,0.0
219,Bronx,2021,03:00 - 03:59,1.6,0.0
220,Bronx,2021,04:00 - 04:59,1.5,0.0
221,Bronx,2021,05:00 - 05:59,1.3,0.0
222,Bronx,2021,06:00 - 06:59,1.3,0.0
223,Bronx,2021,07:00 - 07:59,1.4,0.0
224,Bronx,2021,08:00 - 08:59,1.3,0.0
225,Bronx,2021,09:00 - 09:59,1.3,0.0
226,Bronx,2021,10:00 - 10:59,1.2,0.0
227,Bronx,2021,11:00 - 11:59,1.4,0.0
228,Bronx,2021,12:00 - 12:59,1.2,0.0
229,Bronx,2021,13:00 - 13:59,1.3,0.0
230,Bronx,2021,14:00 - 14:59,1.3,0.0
231,Bronx,2021,15:00 - 15:59,1.3,0.0
232,Bronx,2021,16:00 - 16:59,1.3,0.0
233,Bronx,2021,17:00 - 17:59,1.3,0.0
234,Bronx,2021,18:00 - 18:59,1.3,0.0
235,Bronx,2021,19:00 - 19:59,1.3,0.0
236,Bronx,2021,20:00 - 20:59,1.2,0.0
237,Bronx,2021,21:00 - 21:59,1.5,0.0
238,Bronx,2021,22:00 - 22:59,1.5,0.0
239,Bronx,2021,23:00 - 23:59,1.6,0.0
240,Bronx,2022,00:00 - 00:59,1.3,0.0
241,Bronx,2022,01:00 - 01:59,1.5,0.0
242,Bronx,2022,02:00 - 02:59,1.3,0.0
243,Bronx,2022,03:00 - 03:59,1.2,0.0
244,Bronx,2022,04:00 - 04:59,1.3,0.0
245,Bronx,2022,05:00 - 05:59,1.1,0.0
246,Bronx,2022,06:00 - 06:59,1.4,0.0
247,Bronx,2022,07:00 - 07:59,1.3,0.0
248,Bronx,2022,08:00 - 08:59,1.3,0.0
249,Bronx,2022,09:00 - 09:59,1.3,0.0
250,Bronx,2022,10:00 - 10:59,1.2,0.0
251,Bronx,2022,11:00 - 11:59,1.3,0.0
252,Bronx,2022,12:00 - 12:59,1.4,0.0
253,Bronx,2022,13:00 - 13:59,1.4,0.0
254,Bronx,2022,14:00 - 14:59,1.3,0.0
255,Bronx,2022,15:00 - 15:59,1.4,0.0
256,Bronx,2022,16:00 - 16:59,1.4,0.0
257,Bronx,2022,17:00 - 17:59,1.3,0.0
258,Bronx,2022,18:00 - 18:59,1.3,0.0
259,Bronx,2022,19:00 - 19:59,1.4,0.0
260,Bronx,2022,20:00 - 20:59,1.4,0.0
261,Bronx,2022,21:00 - 21:59,1.5,0.0
262,Bronx,2022,22:00 - 22:59,1.6,0.0
263,Bronx,2022,23:00 - 23:59,1.5,0.0
264,Bronx,2023,00:00 - 00:59,1.3,0.0
265,Bronx,2023,01:00 - 01:59,1.5,0.0
266,Bronx,2023,02:00 - 02:59,1.7,0.0
267,Bronx,2023,03:00 - 03:59,1.3,0.0
268,Bronx,2023,04:00 - 04:59,1.4,0.0
269,Bronx,2023,05:00 - 05:59,1.3,0.0
270,Bronx,2023,06:00 - 06:59,1.1,0.0
271,Bronx,2023,07:00 - 07:59,1.4,0.0
272,Bronx,2023,08:00 - 08:59,1.4,0.0
273,Bronx,2023,09:00 - 09:59,1.4,0.0
274,Bronx,2023,10:00 - 10:59,1.5,0.0
275,Bronx,2023,11:00 - 11:59,1.3,0.0
276,Bronx,2023,12:00 - 12:59,1.4,0.0
277,Bronx,2023,13:00 - 13:59,1.5,0.0
278,Bronx,2023,14:00 - 14:59,1.3,0.0
279,Bronx,2023,15:00 - 15:59,1.3,0.0
280,Bronx,2023,16:00 - 16:59,1.3,0.0
281,Bronx,2023,17:00 - 17:59,1.3,0.0
282,Bronx,2023,18:00 - 18:59,1.3,0.0
283,Bronx,2023,19:00 - 19:59,1.5,0.0
284,Bronx,2023,20:00 - 20:59,1.6,0.0
285,Bronx,2023,21:00 - 21:59,1.6,0.0
286,Bronx,2023,22:00 - 22:59,1.5,0.0
287,Bronx,2023,23:00 - 23:59,1.6,0.0
288,Bronx,2024,00:00 - 00:59,1.4,0.0
289,Bronx,2024,01:00 - 01:59,1.7,0.0
290,Bronx,2024,02:00 - 02:59,1.7,0.0
291,Bronx,2024,03:00 - 03:59,1.6,0.0
292,Bronx,2024,04:00 - 04:59,1.3,0.0
293,Bronx,2024,05:00 - 05:59,1.4,0.0
294,Bronx,2024,06:00 - 06:59,1.3,0.0
295,Bronx,2024,07:00 - 07:59,1.4,0.0
296,Bronx,2024,08:00 - 08:59,1.3,0.0
297,Bronx,2024,09:00 - 09:59,1.3,0.0
298,Bronx,2024,10:00 - 10:59,1.3,0.0
299,Bronx,2024,11:00 - 11:59,1.4,0.0
300,Bronx,2024,12:00 - 12:59,1.2,0.0
301,Bronx,2024,13:00 - 13:59,1.4,0.0
302,Bronx,2024,14:00 - 14:59,1.3,0.0
303,Bronx,2024,15:00 - 15:59,1.3,0.0
304,Bronx,2024,16:00 - 16:59,1.4,0.0
305,Bronx,2024,17:00 - 17:59,1.3,0.0
306,Bronx,2024,18:00 - 18:59,1.4,0.0
307,Bronx,2024,19:00 - 19:59,1.4,0.0
308,Bronx,2024,20:00 - 20:59,1.5,0.0
309,Bronx,2024,21:00 - 21:59,1.6,0.0
310,Bronx,2024,22:00 - 22:59,1.5,0.0
311,Bronx,2024,23:00 - 23:59,1.7,0.0
312,Brooklyn,2012,00:00 - 00:59,1.4,0.0
313,Brooklyn,2012,01:00 - 01:59,1.5,0.0
314,Brooklyn,2012,02:00 - 02:59,1.6,0.0
315,Brooklyn,2012,03:00 - 03:59,1.2,0.0
316,Brooklyn,2012,04:00 - 04:59,1.6,0.0
317,Brooklyn,2012,05:00 - 05:59,1.4,0.0
318,Brooklyn,2012,06:00 - 06:59,1.4,0.0
319,Brooklyn,2012,07:00 - 07:59,1.4,0.0
320,Brooklyn,2012,08:00 - 08:59,1.3,0.0
321,Brooklyn,2012,09:00 - 09:59,1.3,0.0
322,Brooklyn,2012,10:00 - 10:59,1.2,0.0
323,Brooklyn,2012,11:00 - 11:59,1.3,0.0
324,Brooklyn,2012,12:00 - 12:59,1.4,0.0
325,Brooklyn,2012,13:00 - 13:59,1.4,0.0
326,Brooklyn,2012,14:00 - 14:59,1.4,0.0
327,Brooklyn,2012,15:00 - 15:59,1.3,0.0
328,Brooklyn,2012,16:00 - 16:59,1.3,0.0
329,Brooklyn,2012,17:00 - 17:59,1.3,0.0
330,Brooklyn,2012,18:00 - 18:59,1.3,0.0
331,Brooklyn,2012,19:00 - 19:59,1.2,0.0
332,Brooklyn,2012,20:00 - 20:59,1.3,0.0
333,Brooklyn,2012,21:00 - 21:59,1.4,0.0
334,Brooklyn,2012,22:00 - 22:59,1.4,0.0
335,Brooklyn,2012,23:00 - 23:59,1.6,0.0
336,Brooklyn,2013,00:00 - 00:59,1.4,0.0
337,Brooklyn,2013,01:00 - 01:59,1.5,0.0
338,Brooklyn,2013,02:00 - 02:59,1.7,0.0
339,Brooklyn,2013,03:00 - 03:59,1.3,0.0
340,Brooklyn,2013,04:00 - 04:59,1.5,0.0
341,Brooklyn,2013,05:00 - 05:59,1.5,0.0
342,Brooklyn,2013,06:00 - 06:59,1.3,0.0
343,Brooklyn,2013,07:00 - 07:59,1.4,0.0
344,Brooklyn,2013,08:00 - 08:59,1.4,0.0
345,Brooklyn,2013,09:00 - 09:59,1.4,0.0
346,Brooklyn,2013,10:00 - 10:59,1.3,0.0
347,Brooklyn,2013,11:00 - 11:59,1.3,0.0
348,Brooklyn,2013,12:00 - 12:59,1.4,0.0
349,Brooklyn,2013,13:00 - 13:59,1.4,0.0
350,Brooklyn,2013,14:00 - 14:59,1.3,0.0
351,Brooklyn,2013,15:00 - 15:59,1.3,0.0
352,Brooklyn,2013,16:00 - 16:59,1.4,0.0
353,Brooklyn,2013,17:00 - 17:59,1.3,0.0
354,Brooklyn,2013,18:00 - 18:59,1.4,0.0
355,Brooklyn,2013,19:00 - 19:59,1.3,0.0
356,Brooklyn,2013,20:00 - 20:59,1.4,0.0
357,Brooklyn,2013,21:00 - 21:59,1.3,0.0
358,Brooklyn,2013,22:00 - 22:59,1.5,0.0
359,Brooklyn,2013,23:00 - 23:59,1.4,0.0
360,Brooklyn,2014,00:00 - 00:59,1.4,0.0
361,Brooklyn,2014,01:00 - 01:59,1.5,0.0
362,Brooklyn,2014,02:00 - 02:59,1.6,0.0
363,Brooklyn,2014,03:00 - 03:59,1.4,0.0
364,Brooklyn,2014,04:00 - 04:59,1.6,0.0
365,Brooklyn,2014,05:00 - 05:59,1.4,0.0
366,Brooklyn,2014,06:00 - 06:59,1.3,0.0
367,Brooklyn,2014,07:00 - 07:59,1.4,0.0
368,Brooklyn,2014,08:00 - 08:59,1.4,0.0
369,Brooklyn,2014,09:00 - 09:59,1.3,0.0
370,Brooklyn,2014,10:00 - 10:59,1.3,0.0
371,Brooklyn,2014,11:00 - 11:59,1.3,0.0
372,Brooklyn,2014,12:00 - 12:59,1.4,0.0
373,Brooklyn,2014,13:00 - 13:59,1.4,0.0
374,Brooklyn,2014,14:00 - 14:59,1.4,0.0
375,Brooklyn,2014,15:00 - 15:59,1.4,0.0
376,Brooklyn,2014,16:00 - 16:59,1.3,0.0
377,Brooklyn,2014,17:00 - 17:59,1.4,0.0
378,Brooklyn,2014,18:00 - 18:59,1.4,0.0
379,Brooklyn,2014,19:00 - 19:59,1.3,0.0
380,Brooklyn,2014,20:00 - 20:59,1.4,0.0
381,Brooklyn,2014,21:00 - 21:59,1.3,0.0
382,Brooklyn,2014,22:00 - 22:59,1.5,0.0
383,Brooklyn,2014,23:00 - 23:59,1.4,0.0
384,Brooklyn,2015,00:00 - 00:59,1.6,0.0
385,Brooklyn,2015,01:00 - 01:59,1.6,0.0
386,Brooklyn,2015,02:00 - 02:59,1.5,0.0
387,Brooklyn,2015,03:00 - 03:59,1.6,0.0
388,Brooklyn,2015,04:00 - 04:59,1.5,0.0
389,Brooklyn,2015,05:00 - 05:59,1.3,0.0
390,Brooklyn,2015,06:00 - 06:59,1.3,0.0
391,Brooklyn,2015,07:00 - 07:59,1.3,0.0
392,Brooklyn,2015,08:00 - 08:59,1.3,0.0
393,Brooklyn,2015,09:00 - 09:59,1.3,0.0
394,Brooklyn,2015,10:00 - 10:59,1.3,0.0
395,Brooklyn,2015,11:00 - 11:59,1.3,0.0
396,Brooklyn,2015,12:00 - 12:59,1.4,0.0
397,Brooklyn,2015,13:00 - 13:59,1.3,0.0
398,Brooklyn,2015,14:00 - 14:59,1.3,0.0
399,Brooklyn,2015,15:00 - 15:59,1.4,0.0
400,Brooklyn,2015,16:00 - 16:59,1.3,0.0
401,Brooklyn,2015,17:00 - 17:59,1.3,0.0
402,Brooklyn,2015,18:00 - 18:59,1.3,0.0
403,Brooklyn,2015,19:00 - 19:59,1.3,0.0
404,Brooklyn,2015,20:00 - 20:59,1.3,0.0
405,Brooklyn,2015,21:00 - 21:59,1.4,0.0
406,Brooklyn,2015,22:00 - 22:59,1.4,0.0
407,Brooklyn,2015,23:00 - 23:59,1.4,0.0
408,Brooklyn,2016,00:00 - 00:59,1.5,0.0
409,Brooklyn,2016,01:00 - 01:59,1.6,0.0
410,Brooklyn,2016,02:00 - 02:59,1.7,0.0
411,Brooklyn,2016,03:00 - 03:59,1.5,0.0
412,Brooklyn,2016,04:00 - 04:59,1.5,0.0
413,Brooklyn,2016,05:00 - 05:59,1.5,0.0
414,Brooklyn,2016,06:00 - 06:59,1.4,0.0
415,Brooklyn,2016,07:00 - 07:59,1.4,0.0
416,Brooklyn,2016,08:00 - 08:59,1.3,0.0
417,Brooklyn,2016,09:00 - 09:59,1.3,0.0
418,Brooklyn,2016,10:00 - 10:59,1.3,0.0
419,Brooklyn,2016,11:00 - 11:59,1.3,0.0
420,Brooklyn,2016,12:00 - 12:59,1.3,0.0
421,Brooklyn,2016,13:00 - 13:59,1.4,0.0
422,Brooklyn,2016,14:00 - 14:59,1.4,0.0
423,Brooklyn,2016,15:00 - 15:59,1.4,0.0
424,Brooklyn,2016,16:00 - 16:59,1.3,0.0
425,Brooklyn,2016,17:00 - 17:59,1.3,0.0
426,Brooklyn,2016,18:00 - 18:59,1.3,0.0
427,Brooklyn,2016,19:00 - 19:59,1.3,0.0
428,Brooklyn,2016,20:00 - 20:59,1.4,0.0
429,Brooklyn,2016,21:00 - 21:59,1.4,0.0
430,Brooklyn,2016,22:00 - 22:59,1.4,0.0
431,Brooklyn,2016,23:00 - 23:59,1.5,0.0
432,Brooklyn,2017,00:00 - 00:59,1.4,0.0
433,Brooklyn,2017,01:00 - 01:59,1.5,0.0
434,Brooklyn,2017,02:00 - 02:59,1.4,0.0
435,Brooklyn,2017,03:00 - 03:59,1.7,0.0
436,Brooklyn,2017,04:00 - 04:59,1.7,0.0
437,Brooklyn,2017,05:00 - 05:59,1.4,0.0
438,Brooklyn,2017,06:00 - 06:59,1.3,0.0
439,Brooklyn,2017,07:00 - 07:59,1.4,0.0
440,Brooklyn,2017,08:00 - 08:59,1.3,0.0
441,Brooklyn,2017,09:00 - 09:59,1.3,0.0
442,Brooklyn,2017,10:00 - 10:59,1.3,0.0
443,Brooklyn,2017,11:00 - 11:59,1.3,0.0
444,Brooklyn,2017,12:00 - 12:59,1.4,0.0
445,Brooklyn,2017,13:00 - 13:59,1.3,0.0
446,Brooklyn,2017,14:00 - 14:59,1.3,0.0
447,Brooklyn,2017,15:00 - 15:59,1.4,0.0
448,Brooklyn,2017,16:00 - 16:59,1.3,0.0
449,Brooklyn,2017,17:00 - 17:59,1.3,0.0
450,Brooklyn,2017,18:00 - 18:59,1.3,0.0
451,Brooklyn,2017,19:00 - 19:59,1.3,0.0
452,Brooklyn,2017,20:00 - 20:59,1.4,0.0
453,Brooklyn,2017,21:00 - 21:59,1.4,0.0
454,Brooklyn,2017,22:00 - 22:59,1.5,0.0
455,Brooklyn,2017,23:00 - 23:59,1.5,0.0
456,Brooklyn,2018,00:00 - 00:59,1.4,0.0
457,Brooklyn,2018,01:00 - 01:59,1.6,0.0
458,Brooklyn,2018,02:00 - 02:59,1.4,0.0
459,Brooklyn,2018,03:00 - 03:59,1.5,0.0
460,Brooklyn,2018,04:00 - 04:59,1.5,0.0
461,Brooklyn,2018,05:00 - 05:59,1.4,0.0
462,Brooklyn,2018,06:00 - 06:59,1.3,0.0
463,Brooklyn,2018,07:00 - 07:59,1.5,0.0
464,Brooklyn,2018,08:00 - 08:59,1.3,0.0
465,Brooklyn,2018,09:00 - 09:59,1.3,0.0
466,Brooklyn,2018,10:00 - 10:59,1.3,0.0
467,Brooklyn,2018,11:00 - 11:59,1.3,0.0
468,Brooklyn,2018,12:00 - 12:59,1.3,0.0
469,Brooklyn,2018,13:00 - 13:59,1.3,0.0
470,Brooklyn,2018,14:00 - 14:59,1.4,0.0
471,Brooklyn,2018,15:00 - 15:59,1.4,0.0
472,Brooklyn,2018,16:00 - 16:59,1.3,0.0
473,Brooklyn,2018,17:00 - 17:59,1.3,0.0
474,Brooklyn,2018,18:00 - 18:59,1.3,0.0
475,Brooklyn,2018,19:00 - 19:59,1.3,0.0
476,Brooklyn,2018,20:00 - 20:59,1.4,0.0
477,Brooklyn,2018,21:00 - 21:59,1.5,0.0
478,Brooklyn,2018,22:00 - 22:59,1.4,0.0
479,Brooklyn,2018,23:00 - 23:59,1.5,0.0
480,Brooklyn,2019,00:00 - 00:59,1.4,0.0
481,Brooklyn,2019,01:00 - 01:59,1.4,0.0
482,Brooklyn,2019,02:00 - 02:59,1.6,0.0
483,Brooklyn,2019,03:00 - 03:59,1.7,0.0
484,Brooklyn,2019,04:00 - 04:59,1.4,0.0
485,Brooklyn,2019,05:00 - 05:59,1.4,0.0
486,Brooklyn,2019,06:00 - 06:59,1.3,0.0
487,Brooklyn,2019,07:00 - 07:59,1.3,0.0
488,Brooklyn,2019,08:00 - 08:59,1.3,0.0
489,Brooklyn,2019,09:00 - 09:59,1.3,0.0
490,Brooklyn,2019,10:00 - 10:59,1.3,0.0
491,Brooklyn,2019,11:00 - 11:59,1.3,0.0
492,Brooklyn,2019,12:00 - 12:59,1.3,0.0
493,Brooklyn,2019,13:00 - 13:59,1.3,0.0
494,Brooklyn,2019,14:00 - 14:59,1.3,0.0
495,Brooklyn,2019,15:00 - 15:59,1.3,0.0
496,Brooklyn,2019,16:00 - 16:59,1.3,0.0
497,Brooklyn,2019,17:00 - 17:59,1.3,0.0
498,Brooklyn,2019,18:00 - 18:59,1.3,0.0
499,Brooklyn,2019,19:00 - 19:59,1.3,0.0
500,Brooklyn,2019,20:00 - 20:59,1.3,0.0
501,Brooklyn,2019,21:00 - 21:59,1.4,0.0
502,Brooklyn,2019,22:00 - 22:59,1.4,0.0
503,Brooklyn,2019,23:00 - 23:59,1.4,0.0
504,Brooklyn,2020,00:00 - 00:59,1.5,0.0
505,Brooklyn,2020,01:00 - 01:59,1.5,0.0
506,Brooklyn,2020,02:00 - 02:59,1.5,0.0
507,Brooklyn,2020,03:00 - 03:59,1.3,0.0
508,Brooklyn,2020,04:00 - 04:59,1.6,0.0
509,Brooklyn,2020,05:00 - 05:59,1.4,0.0
510,Brooklyn,2020,06:00 - 06:59,1.3,0.0
511,Brooklyn,2020,07:00 - 07:59,1.4,0.0
512,Brooklyn,2020,08:00 - 08:59,1.2,0.0
513,Brooklyn,2020,09:00 - 09:59,1.2,0.0
514,Brooklyn,2020,10:00 - 10:59,1.2,0.0
515,Brooklyn,2020,11:00 - 11:59,1.3,0.0
516,Brooklyn,2020,12:00 - 12:59,1.3,0.0
517,Brooklyn,2020,13:00 - 13:59,1.3,0.0
518,Brooklyn,2020,14:00 - 14:59,1.3,0.0
519,Brooklyn,2020,15:00 - 15:59,1.3,0.0
520,Brooklyn,2020,16:00 - 16:59,1.3,0.0
521,Brooklyn,2020,17:00 - 17:59,1.2,0.0
522,Brooklyn,2020,18:00 - 18:59,1.3,0.0
523,Brooklyn,2020,19:00 - 19:59,1.2,0.0
524,Brooklyn,2020,20:00 - 20:59,1.4,0.0
525,Brooklyn,2020,21:00 - 21:59,1.4,0.0
526,Brooklyn,2020,22:00 - 22:59,1.4,0.0
527,Brooklyn,2020,23:00 - 23:59,1.5,0.0
528,Brooklyn,2021,00:00 - 00:59,1.4,0.0
529,Brooklyn,2021,01:00 - 01:59,1.6,0.0
530,Brooklyn,2021,02:00 - 02:59,1.7,0.0
531,Brooklyn,2021,03:00 - 03:59,1.5,0.0
532,Brooklyn,2021,04:00 - 04:59,1.4,0.0
533,Brooklyn,2021,05:00 - 05:59,1.4,0.0
534,Brooklyn,2021,06:00 - 06:59,1.2,0.0
535,Brooklyn,2021,07:00 - 07:59,1.4,0.0
536,Brooklyn,2021,08:00 - 08:59,1.3,0.0
537,Brooklyn,2021,09:00 - 09:59,1.3,0.0
538,Brooklyn,2021,10:00 - 10:59,1.3,0.0
539,Brooklyn,2021,11:00 - 11:59,1.3,0.0
540,Brooklyn,2021,12:00 - 12:59,1.3,0.0
541,Brooklyn,2021,13:00 - 13:59,1.3,0.0
542,Brooklyn,2021,14:00 - 14:59,1.3,0.0
543,Brooklyn,2021,15:00 - 15:59,1.3,0.0
544,Brooklyn,2021,16:00 - 16:59,1.3,0.0
545,Brooklyn,2021,17:00 - 17:59,1.3,0.0
546,Brooklyn,2021,18:00 - 18:59,1.3,0.0
547,Brooklyn,2021,19:00 - 19:59,1.3,0.0
548,Brooklyn,2021,20:00 - 20:59,1.3,0.0
549,Brooklyn,2021,21:00 - 21:59,1.4,0.0
550,Brooklyn,2021,22:00 - 22:59,1.5,0.0
551,Brooklyn,2021,23:00 - 23:59,1.5,0.0
552,Brooklyn,2022,00:00 - 00:59,1.3,0.0
553,Brooklyn,2022,01:00 - 01:59,1.4,0.0
554,Brooklyn,2022,02:00 - 02:59,1.5,0.0
555,Brooklyn,2022,03:00 - 03:59,1.5,0.0
556,Brooklyn,2022,04:00 - 04:59,1.3,0.0
557,Brooklyn,2022,05:00 - 05:59,1.5,0.0
558,Brooklyn,2022,06:00 - 06:59,1.2,0.0
559,Brooklyn,2022,07:00 - 07:59,1.3,0.0
560,Brooklyn,2022,08:00 - 08:59,1.2,0.0
561,Brooklyn,2022,09:00 - 09:59,1.2,0.0
562,Brooklyn,2022,10:00 - 10:59,1.2,0.0
563,Brooklyn,2022,11:00 - 11:59,1.2,0.0
564,Brooklyn,2022,12:00 - 12:59,1.2,0.0
565,Brooklyn,2022,13:00 - 13:59,1.2,0.0
566,Brooklyn,2022,14:00 - 14:59,1.3,0.0
567,Brooklyn,2022,15:00 - 15:59,1.3,0.0
568,Brooklyn,2022,16:00 - 16:59,1.3,0.0
569,Brooklyn,2022,17:00 - 17:59,1.3,0.0
570,Brooklyn,2022,18:00 - 18:59,1.3,0.0
571,Brooklyn,2022,19:00 - 19:59,1.3,0.0
572,Brooklyn,2022,20:00 - 20:59,1.3,0.0
573,Brooklyn,2022,21:00 - 21:59,1.4,0.0
574,Brooklyn,2022,22:00 - 22:59,1.5,0.0
575,Brooklyn,2022,23:00 - 23:59,1.5,0.0
576,Brooklyn,2023,00:00 - 00:59,1.4,0.0
577,Brooklyn,2023,01:00 - 01:59,1.4,0.0
578,Brooklyn,2023,02:00 - 02:59,1.5,0.0
579,Brooklyn,2023,03:00 - 03:59,1.4,0.0
580,Brooklyn,2023,04:00 - 04:59,1.4,0.0
581,Brooklyn,2023,05:00 - 05:59,1.3,0.0
582,Brooklyn,2023,06:00 - 06:59,1.2,0.0
583,Brooklyn,2023,07:00 - 07:59,1.3,0.0
584,Brooklyn,2023,08:00 - 08:59,1.3,0.0
585,Brooklyn,2023,09:00 - 09:59,1.2,0.0
586,Brooklyn,2023,10:00 - 10:59,1.2,0.0
587,Brooklyn,2023,11:00 - 11:59,1.2,0.0
588,Brooklyn,2023,12:00 - 12:59,1.3,0.0
589,Brooklyn,2023,13:00 - 13:59,1.3,0.0
590,Brooklyn,2023,14:00 - 14:59,1.3,0.0
591,Brooklyn,2023,15:00 - 15:59,1.3,0.0
592,Brooklyn,2023,16:00 - 16:59,1.2,0.0
593,Brooklyn,2023,17:00 - 17:59,1.2,0.0
594,Brooklyn,2023,18:00 - 18:59,1.3,0.0
595,Brooklyn,2023,19:00 - 19:59,1.4,0.0
596,Brooklyn,2023,20:00 - 20:59,1.3,0.0
597,Brooklyn,2023,21:00 - 21:59,1.4,0.0
598,Brooklyn,2023,22:00 - 22:59,1.4,0.0
599,Brooklyn,2023,23:00 - 23:59,1.4,0.0
600,Brooklyn,2024,00:00 - 00:59,1.5,0.0
601,Brooklyn,2024,01:00 - 01:59,1.6,0.0
602,Brooklyn,2024,02:00 - 02:59,1.4,0.0
603,Brooklyn,2024,03:00 - 03:59,1.5,0.0
604,Brooklyn,2024,04:00 - 04:59,1.4,0.0
605,Brooklyn,2024,05:00 - 05:59,1.3,0.0
606,Brooklyn,2024,06:00 - 06:59,1.3,0.0
607,Brooklyn,2024,07:00 - 07:59,1.3,0.0
608,Brooklyn,2024,08:00 - 08:59,1.2,0.0
609,Brooklyn,2024,09:00 - 09:59,1.3,0.0
610,Brooklyn,2024,10:00 - 10:59,1.2,0.0
611,Brooklyn,2024,11:00 - 11:59,1.2,0.0
612,Brooklyn,2024,12:00 - 12:59,1.3,0.0
613,Brooklyn,2024,13:00 - 13:59,1.3,0.0
614,Brooklyn,2024,14:00 - 14:59,1.4,0.0
615,Brooklyn,2024,15:00 - 15:59,1.3,0.0
616,Brooklyn,2024,16:00 - 16:59,1.3,0.0
617,Brooklyn,2024,17:00 - 17:59,1.4,0.0
618,Brooklyn,2024,18:00 - 18:59,1.3,0.0
619,Brooklyn,2024,19:00 - 19:59,1.3,0.0
620,Brooklyn,2024,20:00 - 20:59,1.3,0.0
621,Brooklyn,2024,21:00 - 21:59,1.4,0.0
622,Brooklyn,2024,22:00 - 22:59,1.4,0.0
623,Brooklyn,2024,23:00 - 23:59,1.4,0.0
624,Manhattan,2012,00:00 - 00:59,1.3,0.0
625,Manhattan,2012,01:00 - 01:59,1.2,0.0
626,Manhattan,2012,02:00 - 02:59,1.3,0.0
627,Manhattan,2012,03:00 - 03:59,1.5,0.0
628,Manhattan,2012,04:00 - 04:59,1.6,0.0
629,Manhattan,2012,05:00 - 05:59,1.6,0.0
630,Manhattan,2012,06:00 - 06:59,1.2,0.0
631,Manhattan,2012,07:00 - 07:59,1.2,0.0
632,Manhattan,2012,08:00 - 08:59,1.2,0.0
633,Manhattan,2012,09:00 - 09:59,1.1,0.0
634,Manhattan,2012,10:00 - 10:59,1.2,0.0
635,Manhattan,2012,11:00 - 11:59,1.1,0.0
636,Manhattan,2012,12:00 - 12:59,1.2,0.0
637,Manhattan,2012,13:00 - 13:59,1.2,0.0
638,Manhattan,2012,14:00 - 14:59,1.2,0.0
639,Manhattan,2012,15:00 - 15:59,1.2,0.0
640,Manhattan,2012,16:00 - 16:59,1.2,0.0
641,Manhattan,2012,17:00 - 17:59,1.1,0.0
642,Manhattan,2012,18:00 - 18:59,1.2,0.0
643,Manhattan,2012,19:00 - 19:59,1.2,0.0
644,Manhattan,2012,20:00 - 20:59,1.2,0.0
645,Manhattan,2012,21:00 - 21:59,1.2,0.0
646,Manhattan,2012,22:00 - 22:59,1.2,0.0
647,Manhattan,2012,23:00 - 23:59,1.4,0.0
648,Manhattan,2013,00:00 - 00:59,1.3,0.0
649,Manhattan,2013,01:00 - 01:59,1.4,0.0
650,Manhattan,2013,02:00 - 02:59,1.5,0.0
651,Manhattan,2013,03:00 - 03:59,1.5,0.0
652,Manhattan,2013,04:00 - 04:59,1.5,0.0
653,Manhattan,2013,05:00 - 05:59,1.3,0.0
654,Manhattan,2013,06:00 - 06:59,1.4,0.0
655,Manhattan,2013,07:00 - 07:59,1.3,0.0
656,Manhattan,2013,08:00 - 08:59,1.2,0.0
657,Manhattan,2013,09:00 - 09:59,1.2,0.0
658,Manhattan,2013,10:00 - 10:59,1.2,0.0
659,Manhattan,2013,11:00 - 11:59,1.2,0.0
660,Manhattan,2013,12:00 - 12:59,1.2,0.0
661,Manhattan,2013,13:00 - 13:59,1.2,0.0
662,Manhattan,2013,14:00 - 14:59,1.2,0.0
663,Manhattan,2013,15:00 - 15:59,1.2,0.0
664,Manhattan,2013,16:00 - 16:59,1.2,0.0
665,Manhattan,2013,17:00 - 17:59,1.2,0.0
666,Manhattan,2013,18:00 - 18:59,1.2,0.0
667,Manhattan,2013,19:00 - 19:59,1.2,0.0
668,Manhattan,2013,20:00 - 20:59,1.1,0.0
669,Manhattan,2013,21:00 - 21:59,1.2,0.0
670,Manhattan,2013,22:00 - 22:59,1.3,0.0
671,Manhattan,2013,23:00 - 23:59,1.3,0.0
672,Manhattan,2014,00:00 - 00:59,1.4,0.0
673,Manhattan,2014,01:00 - 01:59,1.3,0.0
674,Manhattan,2014,02:00 - 02:59,1.4,0.0
675,Manhattan,2014,03:00 - 03:59,1.4,0.0
676,Manhattan,2014,04:00 - 04:59,1.4,0.0
677,Manhattan,2014,05:00 - 05:59,1.3,0.0
678,Manhattan,2014,06:00 - 06:59,1.2,0.0
679,Manhattan,2014,07:00 - 07:59,1.1,0.0
680,Manhattan,2014,08:00 - 08:59,1.2,0.0
681,Manhattan,2014,09:00 - 09:59,1.1,0.0
682,Manhattan,2014,10:00 - 10:59,1.1,0.0
683,Manhattan,2014,11:00 - 11:59,1.2,0.0
684,Manhattan,2014,12:00 - 12:59,1.1,0.0
685,Manhattan,2014,13:00 - 13:59,1.2,0.0
686,Manhattan,2014,14:00 - 14:59,1.2,0.0
687,Manhattan,2014,15:00 - 15:59,1.2,0.0
688,Manhattan,2014,16:00 - 16:59,1.1,0.0
689,Manhattan,2014,17:00 - 17:59,1.2,0.0
690,Manhattan,2014,18:00 - 18:59,1.1,0.0
691,Manhattan,2014,19:00 - 19:59,1.1,0.0
692,Manhattan,2014,20:00 - 20:59,1.2,0.0
693,Manhattan,2014,21:00 - 21:59,1.2,0.0
694,Manhattan,2014,22:00 - 22:59,1.2,0.0
695,Manhattan,2014,23:00 - 23:59,1.3,0.0
696,Manhattan,2015,00:00 - 00:59,1.2,0.0
697,Manhattan,2015,01:00 - 01:59,1.3,0.0
698,Manhattan,2015,02:00 - 02:59,1.3,0.0
699,Manhattan,2015,03:00 - 03:59,1.5,0.0
700,Manhattan,2015,04:00 - 04:59,1.4,0.0
701,Manhattan,2015,05:00 - 05:59,1.1,0.0
702,Manhattan,2015,06:00 - 06:59,1.1,0.0
703,Manhattan,2015,07:00 - 07:59,1.2,0.0
704,Manhattan,2015,08:00 - 08:59,1.2,0.0
705,Manhattan,2015,09:00 - 09:59,1.2,0.0
706,Manhattan,2015,10:00 - 10:59,1.1,0.0
707,Manhattan,2015,11:00 - 11:59,1.1,0.0
708,Manhattan,2015,12:00 - 12:59,1.1,0.0
709,Manhattan,2015,13:00 - 13:59,1.2,0.0
710,Manhattan,2015,14:00 - 14:59,1.2,0.0
711,Manhattan,2015,15:00 - 15:59,1.2,0.0
712,Manhattan,2015,16:00 - 16:59,1.2,0.0
713,Manhattan,2015,17:00 - 17:59,1.2,0.0
714,Manhattan,2015,18:00 - 18:59,1.1,0.0
715,Manhattan,2015,19:00 - 19:59,1.2,0.0
716,Manhattan,2015,20:00 - 20:59,1.1,0.0
717,Manhattan,2015,21:00 - 21:59,1.2,0.0
718,Manhattan,2015,22:00 - 22:59,1.2,0.0
719,Manhattan,2015,23:00 - 23:59,1.2,0.0
720,Manhattan,2016,00:00 - 00:59,1.2,0.0
721,Manhattan,2016,01:00 - 01:59,1.3,0.0
722,Manhattan,2016,02:00 - 02:59,1.3,0.0
723,Manhattan,2016,03:00 - 03:59,1.4,0.0
724,Manhattan,2016,04:00 - 04:59,1.4,0.0
725,Manhattan,2016,05:00 - 05:59,1.3,0.0
726,Manhattan,2016,06:00 - 06:59,1.2,0.0
727,Manhattan,2016,07:00 - 07:59,1.1,0.0
728,Manhattan,2016,08:00 - 08:59,1.2,0.0
729,Manhattan,2016,09:00 - 09:59,1.1,0.0
730,Manhattan,2016,10:00 - 10:59,1.1,0.0
731,Manhattan,2016,11:00 - 11:59,1.2,0.0
732,Manhattan,2016,12:00 - 12:59,1.2,0.0
733,Manhattan,2016,13:00 - 13:59,1.2,0.0
734,Manhattan,2016,14:00 - 14:59,1.1,0.0
735,Manhattan,2016,15:00 - 15:59,1.1,0.0
736,Manhattan,2016,16:00 - 16:59,1.2,0.0
737,Manhattan,2016,17:00 - 17:59,1.3,0.0
738,Manhattan,2016,18:00 - 18:59,1.2,0.0
739,Manhattan,2016,19:00 - 19:59,1.2,0.0
740,Manhattan,2016,20:00 - 20:59,1.2,0.0
741,Manhattan,2016,21:00 - 21:59,1.2,0.0
742,Manhattan,2016,22:00 - 22:59,1.3,0.0
743,Manhattan,2016,23:00 - 23:59,1.2,0.0
744,Manhattan,2017,00:00 - 00:59,1.2,0.0
745,Manhattan,2017,01:00 - 01:59,1.3,0.0
746,Manhattan,2017,02:00 - 02:59,1.4,0.0
747,Manhattan,2017,03:00 - 03:59,1.5,0.0
748,Manhattan,2017,04:00 - 04:59,1.3,0.0
749,Manhattan,2017,05:00 - 05:59,1.4,0.0
750,Manhattan,2017,06:00 - 06:59,1.1,0.0
751,Manhattan,2017,07:00 - 07:59,1.2,0.0
752,Manhattan,2017,08:00 - 08:59,1.2,0.0
753,Manhattan,2017,09:00 - 09:59,1.1,0.0
754,Manhattan,2017,10:00 - 10:59,1.2,0.0
755,Manhattan,2017,11:00 - 11:59,1.3,0.0
756,Manhattan,2017,12:00 - 12:59,1.2,0.0
757,Manhattan,2017,13:00 - 13:59,1.2,0.0
758,Manhattan,2017,14:00 - 14:59,1.2,0.0
759,Manhattan,2017,15:00 - 15:59,1.3,0.0
760,Manhattan,2017,16:00 - 16:59,1.1,0.0
761,Manhattan,2017,17:00 - 17:59,1.2,0.0
762,Manhattan,2017,18:00 - 18:59,1.2,0.0
763,Manhattan,2017,19:00 - 19:59,1.2,0.0
764,Manhattan,2017,20:00 - 20:59,1.2,0.0
765,Manhattan,2017,21:00 - 21:59,1.3,0.0
766,Manhattan,2017,22:00 - 22:59,1.3,0.0
767,Manhattan,2017,23:00 - 23:59,1.3,0.0
768,Manhattan,2018,00:00 - 00:59,1.3,0.0
769,Manhattan,2018,01:00 - 01:59,1.3,0.0
770,Manhattan,2018,02:00 - 02:59,1.4,0.0
771,Manhattan,2018,03:00 - 03:59,1.4,0.0
772,Manhattan,2018,04:00 - 04:59,1.4,0.0
773,Manhattan,2018,05:00 - 05:59,1.3,0.0
774,Manhattan,2018,06:00 - 06:59,1.1,0.0
775,Manhattan,2018,07:00 - 07:59,1.2,0.0
776,Manhattan,2018,08:00 - 08:59,1.1,0.0
777,Manhattan,2018,09:00 - 09:59,1.1,0.0
778,Manhattan,2018,10:00 - 10:59,1.1,0.0
779,Manhattan,2018,11:00 - 11:59,1.1,0.0
780,Manhattan,2018,12:00 - 12:59,1.2,0.0
781,Manhattan,2018,13:00 - 13:59,1.1,0.0
782,Manhattan,2018,14:00 - 14:59,1.1,0.0
783,Manhattan,2018,15:00 - 15:59,1.1,0.0
784,Manhattan,2018,16:00 - 16:59,1.2,0.0
785,Manhattan,2018,17:00 - 17:59,1.2,0.0
786,Manhattan,2018,18:00 - 18:59,1.2,0.0
787,Manhattan,2018,19:00 - 19:59,1.1,0.0
788,Manhattan,2018,20:00 - 20:59,1.2,0.0
789,Manhattan,2018,21:00 - 21:59,1.2,0.0
790,Manhattan,2018,22:00 - 22:59,1.2,0.0
791,Manhattan,2018,23:00 - 23:59,1.2,0.0
792,Manhattan,2019,00:00 - 00:59,1.2,0.0
793,Manhattan,2019,01:00 - 01:59,1.3,0.0
794,Manhattan,2019,02:00 - 02:59,1.3,0.0
795,Manhattan,2019,03:00 - 03:59,1.4,0.0
796,Manhattan,2019,04:00 - 04:59,1.4,0.0
797,Manhattan,2019,05:00 - 05:59,1.2,0.0
798,Manhattan,2019,06:00 - 06:59,1.3,0.0
799,Manhattan,2019,07:00 - 07:59,1.2,0.0
800,Manhattan,2019,08:00 - 08:59,1.1,0.0
801,Manhattan,2019,09:00 - 09:59,1.2,0.0
802,Manhattan,2019,10:00 - 10:59,1.2,0.0
803,Manhattan,2019,11:00 - 11:59,1.2,0.0
804,Manhattan,2019,12:00 - 12:59,1.2,0.0
805,Manhattan,2019,13:00 - 13:59,1.2,0.0
806,Manhattan,2019,14:00 - 14:59,1.2,0.0
807,Manhattan,2019,15:00 - 15:59,1.2,0.0
808,Manhattan,2019,16:00 - 16:59,1.1,0.0
809,Manhattan,2019,17:00 - 17:59,1.2,0.0
810,Manhattan,2019,18:00 - 18:59,1.1,0.0
811,Manhattan,2019,19:00 - 19:59,1.2,0.0
812,Manhattan,2019,20:00 - 20:59,1.2,0.0
813,Manhattan,2019,21:00 - 21:59,1.1,0.0
814,Manhattan,2019,22:00 - 22:59,1.2,0.0
815,Manhattan,2019,23:00 - 23:59,1.3,0.0
816,Manhattan,2020,00:00 - 00:59,1.3,0.0
817,Manhattan,2020,01:00 - 01:59,1.5,0.0
818,Manhattan,2020,02:00 - 02:59,1.4,0.0
819,Manhattan,2020,03:00 - 03:59,1.3,0.0
820,Manhattan,2020,04:00 - 04:59,1.2,0.0
821,Manhattan,2020,05:00 - 05:59,1.2,0.0
822,Manhattan,2020,06:00 - 06:59,1.3,0.0
823,Manhattan,2020,07:00 - 07:59,1.2,0.0
824,Manhattan,2020,08:00 - 08:59,1.2,0.0
825,Manhattan,2020,09:00 - 09:59,1.1,0.0
826,Manhattan,2020,10:00 - 10:59,1.2,0.0
827,Manhattan,2020,11:00 - 11:59,1.1,0.0
828,Manhattan,2020,12:00 - 12:59,1.2,0.0
829,Manhattan,2020,13:00 - 13:59,1.2,0.0
830,Manhattan,2020,14:00 - 14:59,1.1,0.0
831,Manhattan,2020,15:00 - 15:59,1.2,0.0
832,Manhattan,2020,16:00 - 16:59,1.3,0.0
833,Manhattan,2020,17:00 - 17:59,1.2,0.0
834,Manhattan,2020,18:00 - 18:59,1.1,0.0
835,Manhattan,2020,19:00 - 19:59,1.2,0.0
836,Manhattan,2020,20:00 - 20:59,1.2,0.0
837,Manhattan,2020,21:00 - 21:59,1.3,0.0
838,Manhattan,2020,22:00 - 22:59,1.2,0.0
839,Manhattan,2020,23:00 - 23:59,1.3,0.0
840,Manhattan,2021,00:00 - 00:59,1.3,0.0
841,Manhattan,2021,01:00 - 01:59,1.3,0.0
842,Manhattan,2021,02:00 - 02:59,1.4,0.0
843,Manhattan,2021,03:00 - 03:59,1.2,0.0
844,Manhattan,2021,04:00 - 04:59,1.5,0.0
845,Manhattan,2021,05:00 - 05:59,1.2,0.0
846,Manhattan,2021,06:00 - 06:59,1.2,0.0
847,Manhattan,2021,07:00 - 07:59,1.2,0.0
848,Manhattan,2021,08:00 - 08:59,1.2,0.0
849,Manhattan,2021,09:00 - 09:59,1.1,0.0
850,Manhattan,2021,10:00 - 10:59,1.2,0.0
851,Manhattan,2021,11:00 - 11:59,1.1,0.0
852,Manhattan,2021,12:00 - 12:59,1.1,0.0
853,Manhattan,2021,13:00 - 13:59,1.1,0.0
854,Manhattan,2021,14:00 - 14:59,1.1,0.0
855,Manhattan,2021,15:00 - 15:59,1.2,0.0
856,Manhattan,2021,16:00 - 16:59,1.1,0.0
857,Manhattan,2021,17:00 - 17:59,1.1,0.0
858,Manhattan,2021,18:00 - 18:59,1.2,0.0
859,Manhattan,2021,19:00 - 19:59,1.2,0.0
860,Manhattan,2021,20:00 - 20:59,1.2,0.0
861,Manhattan,2021,21:00 - 21:59,1.2,0.0
862,Manhattan,2021,22:00 - 22:59,1.4,0.0
863,Manhattan,2021,23:00 - 23:59,1.2,0.0
864,Manhattan,2022,00:00 - 00:59,1.3,0.0
865,Manhattan,2022,01:00 - 01:59,1.4,0.0
866,Manhattan,2022,02:00 - 02:59,1.4,0.0
867,Manhattan,2022,03:00 - 03:59,1.4,0.0
868,Manhattan,2022,04:00 - 04:59,1.5,0.0
869,Manhattan,2022,05:00 - 05:59,1.2,0.0
870,Manhattan,2022,06:00 - 06:59,1.3,0.0
871,Manhattan,2022,07:00 - 07:59,1.2,0.0
872,Manhattan,2022,08:00 - 08:59,1.2,0.0
873,Manhattan,2022,09:00 - 09:59,1.1,0.0
874,Manhattan,2022,10:00 - 10:59,1.2,0.0
875,Manhattan,2022,11:00 - 11:59,1.2,0.0
876,Manhattan,2022,12:00 - 12:59,1.1,0.0
877,Manhattan,2022,13:00 - 13:59,1.1,0.0
878,Manhattan,2022,14:00 - 14:59,1.1,0.0
879,Manhattan,2022,15:00 - 15:59,1.2,0.0
880,Manhattan,2022,16:00 - 16:59,1.2,0.0
881,Manhattan,2022,17:00 - 17:59,1.2,0.0
882,Manhattan,2022,18:00 - 18:59,1.1,0.0
883,Manhattan,2022,19:00 - 19:59,1.1,0.0
884,Manhattan,2022,20:00 - 20:59,1.2,0.0
885,Manhattan,2022,21:00 - 21:59,1.2,0.0
886,Manhattan,2022,22:00 - 22:59,1.3,0.0
887,Manhattan,2022,23:00 - 23:59,1.2,0.0
888,Manhattan,2023,00:00 - 00:59,1.3,0.0
889,Manhattan,2023,01:00 - 01:59,1.4,0.0
890,Manhattan,2023,02:00 - 02:59,1.4,0.0
891,Manhattan,2023,03:00 - 03:59,1.5,0.0
892,Manhattan,2023,04:00 - 04:59,1.6,0.0
893,Manhattan,2023,05:00 - 05:59,1.2,0.0
894,Manhattan,2023,06:00 - 06:59,1.2,0.0
895,Manhattan,2023,07:00 - 07:59,1.2,0.0
896,Manhattan,2023,08:00 - 08:59,1.2,0.0
897,Manhattan,2023,09:00 - 09:59,1.1,0.0
898,Manhattan,2023,10:00 - 10:59,1.2,0.0
899,Manhattan,2023,11:00 - 11:59,1.1,0.0
900,Manhattan,2023,12:00 - 12:59,1.1,0.0
901,Manhattan,2023,13:00 - 13:59,1.3,0.0
902,Manhattan,2023,14:00 - 14:59,1.2,0.0
903,Manhattan,2023,15:00 - 15:59,1.2,0.0
904,Manhattan,2023,16:00 - 16:59,1.2,0.0
905,Manhattan,2023,17:00 - 17:59,1.2,0.0
906,Manhattan,2023,18:00 - 18:59,1.2,0.0
907,Manhattan,2023,19:00 - 19:59,1.3,0.0
908,Manhattan,2023,20:00 - 20:59,1.2,0.0
909,Manhattan,2023,21:00 - 21:59,1.3,0.0
910,Manhattan,2023,22:00 - 22:59,1.2,0.0
911,Manhattan,2023,23:00 - 23:59,1.2,0.0
912,Manhattan,2024,00:00 - 00:59,1.3,0.0
913,Manhattan,2024,01:00 - 01:59,1.5,0.0
914,Manhattan,2024,02:00 - 02:59,1.3,0.0
915,Manhattan,2024,03:00 - 03:59,1.2,0.0
916,Manhattan,2024,04:00 - 04:59,1.5,0.0
917,Manhattan,2024,05:00 - 05:59,1.2,0.0
918,Manhattan,2024,06:00 - 06:59,1.1,0.0
919,Manhattan,2024,07:00 - 07:59,1.2,0.0
920,Manhattan,2024,08:00 - 08:59,1.2,0.0
921,Manhattan,2024,09:00 - 09:59,1.2,0.0
922,Manhattan,2024,10:00 - 10:59,1.1,0.0
923,Manhattan,2024,11:00 - 11:59,1.2,0.0
924,Manhattan,2024,12:00 - 12:59,1.1,0.0
925,Manhattan,2024,13:00 - 13:59,1.2,0.0
926,Manhattan,2024,14:00 - 14:59,1.1,0.0
927,Manhattan,2024,15:00 - 15:59,1.2,0.0
928,Manhattan,2024,16:00 - 16:59,1.2,0.0
929,Manhattan,2024,17:00 - 17:59,1.2,0.0
930,Manhattan,2024,18:00 - 18:59,1.1,0.0
931,Manhattan,2024,19:00 - 19:59,1.2,0.0
932,Manhattan,2024,20:00 - 20:59,1.2,0.0
933,Manhattan,2024,21:00 - 21:59,1.2,0.0
934,Manhattan,2024,22:00 - 22:59,1.3,0.0
935,Manhattan,2024,23:00 - 23:59,1.2,0.0
936,Queens,2012,00:00 - 00:59,1.2,0.0
937,Queens,2012,01:00 - 01:59,1.4,0.0
938,Queens,2012,02:00 - 02:59,1.3,0.0
939,Queens,2012,03:00 - 03:59,1.4,0.1
940,Queens,2012,04:00 - 04:59,1.4,0.0
941,Queens,2012,05:00 - 05:59,1.6,0.0
942,Queens,2012,06:00 - 06:59,1.3,0.0
943,Queens,2012,07:00 - 07:59,1.3,0.0
944,Queens,2012,08:00 - 08:59,1.4,0.0
945,Queens,2012,09:00 - 09:59,1.4,0.0
946,Queens,2012,10:00 - 10:59,1.4,0.0
947,Queens,2012,11:00 - 11:59,1.5,0.0
948,Queens,2012,12:00 - 12:59,1.3,0.0
949,Queens,2012,13:00 - 13:59,1.3,0.0
950,Queens,2012,14:00 - 14:59,1.5,0.0
951,Queens,2012,15:00 - 15:59,1.4,0.0
952,Queens,2012,16:00 - 16:59,1.3,0.0
953,Queens,2012,17:00 - 17:59,1.4,0.0
954,Queens,2012,18:00 - 18:59,1.3,0.0
955,Queens,2012,19:00 - 19:59,1.4,0.0
956,Queens,2012,20:00 - 20:59,1.3,0.0
957,Queens,2012,21:00 - 21:59,1.4,0.0
958,Queens,2012,22:00 - 22:59,1.5,0.0
959,Queens,2012,23:00 - 23:59,1.6,0.0
960,Queens,2013,00:00 - 00:59,1.5,0.0
961,Queens,2013,01:00 - 01:59,1.5,0.0
962,Queens,2013,02:00 - 02:59,1.6,0.0
963,Queens,2013,03:00 - 03:59,1.5,0.0
964,Queens,2013,04:00 - 04:59,1.4,0.0
965,Queens,2013,05:00 - 05:59,1.4,0.0
966,Queens,2013,06:00 - 06:59,1.3,0.0
967,Queens,2013,07:00 - 07:59,1.4,0.0
968,Queens,2013,08:00 - 08:59,1.4,0.0
969,Queens,2013,09:00 - 09:59,1.4,0.0
970,Queens,2013,10:00 - 10:59,1.4,0.0
971,Queens,2013,11:00 - 11:59,1.4,0.0
972,Queens,2013,12:00 - 12:59,1.4,0.0
973,Queens,2013,13:00 - 13:59,1.3,0.0
974,Queens,2013,14:00 - 14:59,1.4,0.0
975,Queens,2013,15:00 - 15:59,1.4,0.0
976,Queens,2013,16:00 - 16:59,1.4,0.0
977,Queens,2013,17:00 - 17:59,1.4,0.0
978,Queens,2013,18:00 - 18:59,1.3,0.0
979,Queens,2013,19:00 - 19:59,1.3,0.0
980,Queens,2013,20:00 - 20:59,1.4,0.0
981,Queens,2013,21:00 - 21:59,1.3,0.0
982,Queens,2013,22:00 - 22:59,1.4,0.0
983,Queens,2013,23:00 - 23:59,1.4,0.0
984,Queens,2014,00:00 - 00:59,1.3,0.0
985,Queens,2014,01:00 - 01:59,1.4,0.0
986,Queens,2014,02:00 - 02:59,1.7,0.0
987,Queens,2014,03:00 - 03:59,1.4,0.0
988,Queens,2014,04:00 - 04:59,1.5,0.0
989,Queens,2014,05:00 - 05:59,1.2,0.0
990,Queens,2014,06:00 - 06:59,1.3,0.0
991,Queens,2014,07:00 - 07:59,1.3,0.0
992,Queens,2014,08:00 - 08:59,1.4,0.0
993,Queens,2014,09:00 - 09:59,1.3,0.0
994,Queens,2014,10:00 - 10:59,1.3,0.0
995,Queens,2014,11:00 - 11:59,1.4,0.0
996,Queens,2014,12:00 - 12:59,1.3,0.0
997,Queens,2014,13:00 - 13:59,1.4,0.0
998,Queens,2014,14:00 - 14:59,1.3,0.0
999,Queens,2014,15:00 - 15:59,1.4,0.0
1000,Queens,2014,16:00 - 16:59,1.4,0.0
1001,Queens,2014,17:00 - 17:59,1.3,0.0
1002,Queens,2014,18:00 - 18:59,1.3,0.0
1003,Queens,2014,19:00 - 19:59,1.3,0.0
1004,Queens,2014,20:00 - 20:59,1.4,0.0
1005,Queens,2014,21:00 - 21:59,1.4,0.0
1006,Queens,2014,22:00 - 22:59,1.4,0.0
1007,Queens,2014,23:00 - 23:59,1.4,0.0
1008,Queens,2015,00:00 - 00:59,1.5,0.0
1009,Queens,2015,01:00 - 01:59,1.4,0.0
1010,Queens,2015,02:00 - 02:59,1.3,0.0
1011,Queens,2015,03:00 - 03:59,1.5,0.0
1012,Queens,2015,04:00 - 04:59,1.4,0.0
1013,Queens,2015,05:00 - 05:59,1.3,0.0
1014,Queens,2015,06:00 - 06:59,1.2,0.0
1015,Queens,2015,07:00 - 07:59,1.4,0.0
1016,Queens,2015,08:00 - 08:59,1.3,0.0
1017,Queens,2015,09:00 - 09:59,1.3,0.0
1018,Queens,2015,10:00 - 10:59,1.3,0.0
1019,Queens,2015,11:00 - 11:59,1.3,0.0
1020,Queens,2015,12:00 - 12:59,1.4,0.0
1021,Queens,2015,13:00 - 13:59,1.3,0.0
1022,Queens,2015,14:00 - 14:59,1.4,0.0
1023,Queens,2015,15:00 - 15:59,1.3,0.0
1024,Queens,2015,16:00 - 16:59,1.3,0.0
1025,Queens,2015,17:00 - 17:59,1.4,0.0
1026,Queens,2015,18:00 - 18:59,1.3,0.0
1027,Queens,2015,19:00 - 19:59,1.4,0.0
1028,Queens,2015,20:00 - 20:59,1.4,0.0
1029,Queens,2015,21:00 - 21:59,1.4,0.0
1030,Queens,2015,22:00 - 22:59,1.3,0.0
1031,Queens,2015,23:00 - 23:59,1.4,0.0
1032,Queens,2016,00:00 - 00:59,1.4,0.0
1033,Queens,2016,01:00 - 01:59,1.4,0.0
1034,Queens,2016,02:00 - 02:59,1.2,0.0
1035,Queens,2016,03:00 - 03:59,1.6,0.0
1036,Queens,2016,04:00 - 04:59,1.4,0.0
1037,Queens,2016,05:00 - 05:59,1.4,0.0
1038,Queens,2016,06:00 - 06:59,1.3,0.0
1039,Queens,2016,07:00 - 07:59,1.3,0.0
1040,Queens,2016,08:00 - 08:59,1.3,0.0
1041,Queens,2016,09:00 - 09:59,1.3,0.0
1042,Queens,2016,10:00 - 10:59,1.3,0.0
1043,Queens,2016,11:00 - 11:59,1.3,0.0
1044,Queens,2016,12:00 - 12:59,1.4,0.0
1045,Queens,2016,13:00 - 13:59,1.4,0.0
1046,Queens,2016,14:00 - 14:59,1.3,0.0
1047,Queens,2016,15:00 - 15:59,1.3,0.0
1048,Queens,2016,16:00 - 16:59,1.3,0.0
1049,Queens,2016,17:00 - 17:59,1.3,0.0
1050,Queens,2016,18:00 - 18:59,1.3,0.0
1051,Queens,2016,19:00 - 19:59,1.3,0.0
1052,Queens,2016,20:00 - 20:59,1.4,0.0
1053,Queens,2016,21:00 - 21:59,1.3,0.0
1054,Queens,2016,22:00 - 22:59,1.4,0.0
1055,Queens,2016,23:00 - 23:59,1.3,0.0
1056,Queens,2017,00:00 - 00:59,1.4,0.0
1057,Queens,2017,01:00 - 01:59,1.3,0.0
1058,Queens,2017,02:00 - 02:59,1.4,0.0
1059,Queens,2017,03:00 - 03:59,1.2,0.0
1060,Queens,2017,04:00 - 04:59,1.5,0.0
1061,Queens,2017,05:00 - 05:59,1.2,0.0
1062,Queens,2017,06:00 - 06:59,1.4,0.0
1063,Queens,2017,07:00 - 07:59,1.3,0.0
1064,Queens,2017,08:00 - 08:59,1.3,0.0
1065,Queens,2017,09:00 - 09:59,1.3,0.0
1066,Queens,2017,10:00 - 10:59,1.3,0.0
1067,Queens,2017,11:00 - 11:59,1.3,0.0
1068,Queens,2017,12:00 - 12:59,1.3,0.0
1069,Queens,2017,13:00 - 13:59,1.3,0.0
1070,Queens,2017,14:00 - 14:59,1.3,0.0
1071,Queens,2017,15:00 - 15:59,1.4,0.0
1072,Queens,2017,16:00 - 16:59,1.4,0.0
1073,Queens,2017,17:00 - 17:59,1.3,0.0
1074,Queens,2017,18:00 - 18:59,1.3,0.0
1075,Queens,2017,19:00 - 19:59,1.4,0.0
1076,Queens,2017,20:00 - 20:59,1.4,0.0
1077,Queens,2017,21:00 - 21:59,1.3,0.0
1078,Queens,2017,22:00 - 22:59,1.6,0.0
1079,Queens,2017,23:00 - 23:59,1.5,0.0
1080,Queens,2018,00:00 - 00:59,1.4,0.0
1081,Queens,2018,01:00 - 01:59,1.4,0.0
1082,Queens,2018,02:00 - 02:59,1.4,0.0
1083,Queens,2018,03:00 - 03:59,1.5,0.0
1084,Queens,2018,04:00 - 04:59,1.4,0.0
1085,Queens,2018,05:00 - 05:59,1.2,0.0
1086,Queens,2018,06:00 - 06:59,1.4,0.0
1087,Queens,2018,07:00 - 07:59,1.3,0.0
1088,Queens,2018,08:00 - 08:59,1.3,0.0
1089,Queens,2018,09:00 - 09:59,1.4,0.0
1090,Queens,2018,10:00 - 10:59,1.2,0.0
1091,Queens,2018,11:00 - 11:59,1.3,0.0
1092,Queens,2018,12:00 - 12:59,1.4,0.0
1093,Queens,2018,13:00 - 13:59,1.3,0.0
1094,Queens,2018,14:00 - 14:59,1.4,0.0
1095,Queens,2018,15:00 - 15:59,1.3,0.0
1096,Queens,2018,16:00 - 16:59,1.4,0.0
1097,Queens,2018,17:00 - 17:59,1.3,0.0
1098,Queens,2018,18:00 - 18:59,1.3,0.0
1099,Queens,2018,19:00 - 19:59,1.3,0.0
1100,Queens,2018,20:00 - 20:59,1.4,0.0
1101,Queens,2018,21:00 - 21:59,1.4,0.0
1102,Queens,2018,22:00 - 22:59,1.5,0.0
1103,Queens,2018,23:00 - 23:59,1.4,0.0
1104,Queens,2019,00:00 - 00:59,1.4,0.0
1105,Queens,2019,01:00 - 01:59,1.5,0.0
1106,Queens,2019,02:00 - 02:59,1.5,0.0
1107,Queens,2019,03:00 - 03:59,1.4,0.0
1108,Queens,2019,04:00 - 04:59,1.4,0.0
1109,Queens,2019,05:00 - 05:59,1.4,0.0
1110,Queens,2019,06:00 - 06:59,1.3,0.0
1111,Queens,2019,07:00 - 07:59,1.4,0.0
1112,Queens,2019,08:00 - 08:59,1.3,0.0
1113,Queens,2019,09:00 - 09:59,1.3,0.0
1114,Queens,2019,10:00 - 10:59,1.3,0.0
1115,Queens,2019,11:00 - 11:59,1.3,0.0
1116,Queens,2019,12:00 - 12:59,1.3,0.0
1117,Queens,2019,13:00 - 13:59,1.3,0.0
1118,Queens,2019,14:00 - 14:59,1.3,0.0
1119,Queens,2019,15:00 - 15:59,1.3,0.0
1120,Queens,2019,16:00 - 16:59,1.3,0.0
1121,Queens,2019,17:00 - 17:59,1.3,0.0
1122,Queens,2019,18:00 - 18:59,1.4,0.0
1123,Queens,2019,19:00 - 19:59,1.4,0.0
1124,Queens,2019,20:00 - 20:59,1.4,0.0
1125,Queens,2019,21:00 - 21:59,1.4,0.0
1126,Queens,2019,22:00 - 22:59,1.4,0.0
1127,Queens,2019,23:00 - 23:59,1.4,0.0
1128,Queens,2020,00:00 - 00:59,1.3,0.0
1129,Queens,2020,01:00 - 01:59,1.4,0.0
1130,Queens,2020,02:00 - 02:59,1.4,0.0
1131,Queens,2020,03:00 - 03:59,1.3,0.1
1132,Queens,2020,04:00 - 04:59,1.3,0.0
1133,Queens,2020,05:00 - 05:59,1.3,0.0
1134,Queens,2020,06:00 - 06:59,1.2,0.0
1135,Queens,2020,07:00 - 07:59,1.4,0.0
1136,Queens,2020,08:00 - 08:59,1.2,0.0
1137,Queens,2020,09:00 - 09:59,1.2,0.0
1138,Queens,2020,10:00 - 10:59,1.3,0.0
1139,Queens,2020,11:00 - 11:59,1.3,0.0
1140,Queens,2020,12:00 - 12:59,1.2,0.0
1141,Queens,2020,13:00 - 13:59,1.3,0.0
1142,Queens,2020,14:00 - 14:59,1.2,0.0
1143,Queens,2020,15:00 - 15:59,1.3,0.0
1144,Queens,2020,16:00 - 16:59,1.3,0.0
1145,Queens,2020,17:00 - 17:59,1.3,0.0
1146,Queens,2020,18:00 - 18:59,1.4,0.0
1147,Queens,2020,19:00 - 19:59,1.3,0.0
1148,Queens,2020,20:00 - 20:59,1.4,0.0
1149,Queens,2020,21:00 - 21:59,1.4,0.0
1150,Queens,2020,22:00 - 22:59,1.4,0.0
1151,Queens,2020,23:00 - 23:59,1.4,0.0
1152,Queens,2021,00:00 - 00:59,1.4,0.0
1153,Queens,2021,01:00 - 01:59,1.3,0.0
1154,Queens,2021,02:00 - 02:59,1.5,0.0
1155,Queens,2021,03:00 - 03:59,1.3,0.0
1156,Queens,2021,04:00 - 04:59,1.3,0.0
1157,Queens,2021,05:00 - 05:59,1.2,0.0
1158,Queens,2021,06:00 - 06:59,1.2,0.0
1159,Queens,2021,07:00 - 07:59,1.3,0.0
1160,Queens,2021,08:00 - 08:59,1.2,0.0
1161,Queens,2021,09:00 - 09:59,1.3,0.0
1162,Queens,2021,10:00 - 10:59,1.3,0.0
1163,Queens,2021,11:00 - 11:59,1.4,0.0
1164,Queens,2021,12:00 - 12:59,1.4,0.0
1165,Queens,2021,13:00 - 13:59,1.3,0.0
1166,Queens,2021,14:00 - 14:59,1.3,0.0
1167,Queens,2021,15:00 - 15:59,1.2,0.0
1168,Queens,2021,16:00 - 16:59,1.3,0.0
1169,Queens,2021,17:00 - 17:59,1.3,0.0
1170,Queens,2021,18:00 - 18:59,1.3,0.0
1171,Queens,2021,19:00 - 19:59,1.3,0.0
1172,Queens,2021,20:00 - 20:59,1.4,0.0
1173,Queens,2021,21:00 - 21:59,1.3,0.0
1174,Queens,2021,22:00 - 22:59,1.5,0.0
1175,Queens,2021,23:00 - 23:59,1.5,0.0
1176,Queens,2022,00:00 - 00:59,1.3,0.0
1177,Queens,2022,01:00 - 01:59,1.5,0.0
1178,Queens,2022,02:00 - 02:59,1.6,0.0
1179,Queens,2022,03:00 - 03:59,1.4,0.0
1180,Queens,2022,04:00 - 04:59,1.5,0.0
1181,Queens,2022,05:00 - 05:59,1.3,0.0
1182,Queens,2022,06:00 - 06:59,1.3,0.0
1183,Queens,2022,07:00 - 07:59,1.3,0.0
1184,Queens,2022,08:00 - 08:59,1.3,0.0
1185,Queens,2022,09:00 - 09:59,1.2,0.0
1186,Queens,2022,10:00 - 10:59,1.2,0.0
1187,Queens,2022,11:00 - 11:59,1.3,0.0
1188,Queens,2022,12:00 - 12:59,1.2,0.0
1189,Queens,2022,13:00 - 13:59,1.2,0.0
1190,Queens,2022,14:00 - 14:59,1.3,0.0
1191,Queens,2022,15:00 - 15:59,1.3,0.0
1192,Queens,2022,16:00 - 16:59,1.3,0.0
1193,Queens,2022,17:00 - 17:59,1.3,0.0
1194,Queens,2022,18:00 - 18:59,1.3,0.0
1195,Queens,2022,19:00 - 19:59,1.3,0.0
1196,Queens,2022,20:00 - 20:59,1.3,0.0
1197,Queens,2022,21:00 - 21:59,1.4,0.0
1198,Queens,2022,22:00 - 22:59,1.4,0.0
1199,Queens,2022,23:00 - 23:59,1.3,0.0
1200,Queens,2023,00:00 - 00:59,1.3,0.0
1201,Queens,2023,01:00 - 01:59,1.3,0.0
1202,Queens,2023,02:00 - 02:59,1.4,0.0
1203,Queens,2023,03:00 - 03:59,1.4,0.0
1204,Queens,2023,04:00 - 04:59,1.3,0.0
1205,Queens,2023,05:00 - 05:59,1.2,0.0
1206,Queens,2023,06:00 - 06:59,1.2,0.0
1207,Queens,2023,07:00 - 07:59,1.4,0.0
1208,Queens,2023,08:00 - 08:59,1.3,0.0
1209,Queens,2023,09:00 - 09:59,1.2,0.0
1210,Queens,2023,10:00 - 10:59,1.3,0.0
1211,Queens,2023,11:00 - 11:59,1.3,0.0
1212,Queens,2023,12:00 - 12:59,1.3,0.0
1213,Queens,2023,13:00 - 13:59,1.3,0.0
1214,Queens,2023,14:00 - 14:59,1.3,0.0
1215,Queens,2023,15:00 - 15:59,1.2,0.0
1216,Queens,2023,16:00 - 16:59,1.3,0.0
1217,Queens,2023,17:00 - 17:59,1.3,0.0
1218,Queens,2023,18:00 - 18:59,1.3,0.0
1219,Queens,2023,19:00 - 19:59,1.3,0.0
1220,Queens,2023,20:00 - 20:59,1.4,0.0
1221,Queens,2023,21:00 - 21:59,1.5,0.0
1222,Queens,2023,22:00 - 22:59,1.5,0.0
1223,Queens,2023,23:00 - 23:59,1.5,0.0
1224,Queens,2024,00:00 - 00:59,1.4,0.0
1225,Queens,2024,01:00 - 01:59,1.3,0.0
1226,Queens,2024,02:00 - 02:59,1.5,0.0
1227,Queens,2024,03:00 - 03:59,1.4,0.0
1228,Queens,2024,04:00 - 04:59,1.4,0.0
1229,Queens,2024,05:00 - 05:59,1.2,0.0
1230,Queens,2024,06:00 - 06:59,1.3,0.0
1231,Queens,2024,07:00 - 07:59,1.3,0.0
1232,Queens,2024,08:00 - 08:59,1.2,0.0
1233,Queens,2024,09:00 - 09:59,1.3,0.0
1234,Queens,2024,10:00 - 10:59,1.3,0.0
1235,Queens,2024,11:00 - 11:59,1.3,0.0
1236,Queens,2024,12:00 - 12:59,1.3,0.0
1237,Queens,2024,13:00 - 13:59,1.3,0.0
1238,Queens,2024,14:00 - 14:59,1.2,0.0
1239,Queens,2024,15:00 - 15:59,1.3,0.0
1240,Queens,2024,16:00 - 16:59,1.3,0.0
1241,Queens,2024,17:00 - 17:59,1.4,0.0
1242,Queens,2024,18:00 - 18:59,1.3,0.0
1243,Queens,2024,19:00 - 19:59,1.4,0.0
1244,Queens,2024,20:00 - 20:59,1.3,0.0
1245,Queens,2024,21:00 - 21:59,1.5,0.0
1246,Queens,2024,22:00 - 22:59,1.4,0.0
1247,Queens,2024,23:00 - 23:59,1.5,0.0
1248,Staten Island,2012,00:00 - 00:59,1.4,0.0
1249,Staten Island,2012,01:00 - 01:59,1.3,0.0
1250,Staten Island,2012,02:00 - 02:59,1.1,0.0
1251,Staten Island,2012,03:00 - 03:59,1.3,0.0
1252,Staten Island,2012,04:00 - 04:59,1.7,0.0
1253,Staten Island,2012,05:00 - 05:59,1.1,0.0
1254,Staten Island,2012,06:00 - 06:59,1.2,0.0
1255,Staten Island,2012,07:00 - 07:59,1.5,0.0
1256,Staten Island,2012,08:00 - 08:59,1.4,0.0
1257,Staten Island,2012,09:00 - 09:59,1.3,0.0
1258,Staten Island,2012,10:00 - 10:59,1.3,0.0
1259,Staten Island,2012,11:00 - 11:59,1.2,0.0
1260,Staten Island,2012,12:00 - 12:59,1.5,0.0
1261,Staten Island,2012,13:00 - 13:59,1.3,0.0
1262,Staten Island,2012,14:00 - 14:59,1.5,0.0
1263,Staten Island,2012,15:00 - 15:59,1.4,0.0
1264,Staten Island,2012,16:00 - 16:59,1.4,0.0
1265,Staten Island,2012,17:00 - 17:59,1.3,0.0
1266,Staten Island,2012,18:00 - 18:59,1.4,0.0
1267,Staten Island,2012,19:00 - 19:59,1.2,0.0
1268,Staten Island,2012,20:00 - 20:59,1.4,0.0
1269,Staten Island,2012,21:00 - 21:59,1.4,0.0
1270,Staten Island,2012,22:00 - 22:59,1.5,0.0
1271,Staten Island,2012,23:00 - 23:59,1.4,0.0
1272,Staten Island,2013,00:00 - 00:59,1.2,0.0
1273,Staten Island,2013,01:00 - 01:59,1.3,0.0
1274,Staten Island,2013,02:00 - 02:59,1.3,0.0
1275,Staten Island,2013,03:00 - 03:59,1.7,0.0
1276,Staten Island,2013,04:00 - 04:59,1.2,0.0
1277,Staten Island,2013,05:00 - 05:59,1.7,0.1
1278,Staten Island,2013,06:00 - 06:59,1.2,0.0
1279,Staten Island,2013,07:00 - 07:59,1.5,0.0
1280,Staten Island,2013,08:00 - 08:59,1.4,0.0
1281,Staten Island,2013,09:00 - 09:59,1.3,0.0
1282,Staten Island,2013,10:00 - 10:59,1.3,0.0
1283,Staten Island,2013,11:00 - 11:59,1.3,0.0
1284,Staten Island,2013,12:00 - 12:59,1.5,0.0
1285,Staten Island,2013,13:00 - 13:59,1.4,0.0
1286,Staten Island,2013,14:00 - 14:59,1.4,0.0
1287,Staten Island,2013,15:00 - 15:59,1.4,0.0
1288,Staten Island,2013,16:00 - 16:59,1.4,0.0
1289,Staten Island,2013,17:00 - 17:59,1.3,0.0
1290,Staten Island,2013,18:00 - 18:59,1.4,0.0
1291,Staten Island,2013,19:00 - 19:59,1.5,0.0
1292,Staten Island,2013,20:00 - 20:59,1.6,0.0
1293,Staten Island,2013,21:00 - 21:59,1.5,0.0
1294,Staten Island,2013,22:00 - 22:59,1.6,0.0
1295,Staten Island,2013,23:00 - 23:59,1.5,0.0
1296,Staten Island,2014,00:00 - 00:59,1.7,0.0
1297,Staten Island,2014,01:00 - 01:59,1.4,0.0
1298,Staten Island,2014,02:00 - 02:59,1.1,0.0
1299,Staten Island,2014,03:00 - 03:59,1.4,0.0
1300,Staten Island,2014,04:00 - 04:59,1.6,0.0
1301,Staten Island,2014,05:00 - 05:59,2.0,0.0
1302,Staten Island,2014,06:00 - 06:59,1.3,0.0
1303,Staten Island,2014,07:00 - 07:59,1.3,0.0
1304,Staten Island,2014,08:00 - 08:59,1.3,0.0
1305,Staten Island,2014,09:00 - 09:59,1.4,0.0
1306,Staten Island,2014,10:00 - 10:59,1.4,0.0
1307,Staten Island,2014,11:00 - 11:59,1.5,0.0
1308,Staten Island,2014,12:00 - 12:59,1.5,0.0
1309,Staten Island,2014,13:00 - 13:59,1.3,0.0
1310,Staten Island,2014,14:00 - 14:59,1.4,0.0
1311,Staten Island,2014,15:00 - 15:59,1.3,0.0
1312,Staten Island,2014,16:00 - 16:59,1.4,0.0
1313,Staten Island,2014,17:00 - 17:59,1.2,0.0
1314,Staten Island,2014,18:00 - 18:59,1.4,0.0
1315,Staten Island,2014,19:00 - 19:59,1.3,0.0
1316,Staten Island,2014,20:00 - 20:59,1.3,0.0
1317,Staten Island,2014,21:00 - 21:59,1.4,0.0
1318,Staten Island,2014,22:00 - 22:59,1.8,0.0
1319,Staten Island,2014,23:00 - 23:59,1.2,0.0
1320,Staten Island,2015,00:00 - 00:59,1.2,0.0
1321,Staten Island,2015,01:00 - 01:59,1.8,0.0
1322,Staten Island,2015,02:00 - 02:59,1.3,0.0
1323,Staten Island,2015,03:00 - 03:59,1.0,0.0
1324,Staten Island,2015,04:00 - 04:59,1.6,0.0
1325,Staten Island,2015,05:00 - 05:59,1.2,0.0
1326,Staten Island,2015,06:00 - 06:59,1.4,0.0
1327,Staten Island,2015,07:00 - 07:59,1.6,0.0
1328,Staten Island,2015,08:00 - 08:59,1.8,0.0
1329,Staten Island,2015,09:00 - 09:59,1.2,0.0
1330,Staten Island,2015,10:00 - 10:59,1.5,0.0
1331,Staten Island,2015,11:00 - 11:59,1.4,0.0
1332,Staten Island,2015,12:00 - 12:59,1.4,0.0
1333,Staten Island,2015,13:00 - 13:59,1.3,0.0
1334,Staten Island,2015,14:00 - 14:59,1.3,0.0
1335,Staten Island,2015,15:00 - 15:59,1.4,0.0
1336,Staten Island,2015,16:00 - 16:59,1.5,0.0
1337,Staten Island,2015,17:00 - 17:59,1.4,0.0
1338,Staten Island,2015,18:00 - 18:59,1.5,0.0
1339,Staten Island,2015,19:00 - 19:59,1.4,0.0
1340,Staten Island,2015,20:00 - 20:59,1.5,0.0
1341,Staten Island,2015,21:00 - 21:59,1.4,0.0
1342,Staten Island,2015,22:00 - 22:59,1.3,0.0
1343,Staten Island,2015,23:00 - 23:59,1.4,0.0
1344,Staten Island,2016,00:00 - 00:59,1.3,0.0
1345,Staten Island,2016,01:00 - 01:59,1.4,0.0
1346,Staten Island,2016,02:00 - 02:59,1.1,0.0
1347,Staten Island,2016,03:00 - 03:59,1.2,0.0
1348,Staten Island,2016,04:00 - 04:59,1.3,0.0
1349,Staten Island,2016,05:00 - 05:59,1.2,0.0
1350,Staten Island,2016,06:00 - 06:59,1.2,0.0
1351,Staten Island,2016,07:00 - 07:59,1.2,0.0
1352,Staten Island,2016,08:00 - 08:59,1.5,0.0
1353,Staten Island,2016,09:00 - 09:59,1.3,0.0
1354,Staten Island,2016,10:00 - 10:59,1.2,0.0
1355,Staten Island,2016,11:00 - 11:59,1.4,0.0
1356,Staten Island,2016,12:00 - 12:59,1.2,0.0
1357,Staten Island,2016,13:00 - 13:59,1.3,0.0
1358,Staten Island,2016,14:00 - 14:59,1.3,0.0
1359,Staten Island,2016,15:00 - 15:59,1.4,0.0
1360,Staten Island,2016,16:00 - 16:59,1.4,0.0
1361,Staten Island,2016,17:00 - 17:59,1.5,0.0
1362,Staten Island,2016,18:00 - 18:59,1.3,0.0
1363,Staten Island,2016,19:00 - 19:59,1.5,0.0
1364,Staten Island,2016,20:00 - 20:59,1.6,0.0
1365,Staten Island,2016,21:00 - 21:59,1.4,0.0
1366,Staten Island,2016,22:00 - 22:59,1.5,0.0
1367,Staten Island,2016,23:00 - 23:59,1.5,0.0
1368,Staten Island,2017,00:00 - 00:59,1.4,0.0
1369,Staten Island,2017,01:00 - 01:59,1.1,0.0
1370,Staten Island,2017,02:00 - 02:59,1.0,0.0
1371,Staten Island,2017,03:00 - 03:59,1.3,0.0
1372,Staten Island,2017,04:00 - 04:59,1.4,0.0
1373,Staten Island,2017,05:00 - 05:59,1.1,0.0
1374,Staten Island,2017,06:00 - 06:59,1.2,0.1
1375,Staten Island,2017,07:00 - 07:59,1.4,0.0
1376,Staten Island,2017,08:00 - 08:59,1.5,0.0
1377,Staten Island,2017,09:00 - 09:59,1.2,0.0
1378,Staten Island,2017,10:00 - 10:59,1.6,0.0
1379,Staten Island,2017,11:00 - 11:59,1.4,0.0
1380,Staten Island,2017,12:00 - 12:59,1.6,0.0
1381,Staten Island,2017,13:00 - 13:59,1.4,0.0
1382,Staten Island,2017,14:00 - 14:59,1.5,0.0
1383,Staten Island,2017,15:00 - 15:59,1.4,0.0
1384,Staten Island,2017,16:00 - 16:59,1.4,0.0
1385,Staten Island,2017,17:00 - 17:59,1.4,0.0
1386,Staten Island,2017,18:00 - 18:59,1.4,0.0
1387,Staten Island,2017,19:00 - 19:59,1.3,0.0
1388,Staten Island,2017,20:00 - 20:59,1.4,0.0
1389,Staten Island,2017,21:00 - 21:59,1.4,0.0
1390,Staten Island,2017,22:00 - 22:59,1.3,0.0
1391,Staten Island,2017,23:00 - 23:59,1.6,0.0
1392,Staten Island,2018,00:00 - 00:59,1.5,0.0
1393,Staten Island,2018,01:00 - 01:59,1.3,0.0
1394,Staten Island,2018,02:00 - 02:59,1.5,0.0
1395,Staten Island,2018,03:00 - 03:59,2.0,0.2
1396,Staten Island,2018,04:00 - 04:59,1.4,0.0
1397,Staten Island,2018,05:00 - 05:59,1.0,0.0
1398,Staten Island,2018,06:00 - 06:59,1.1,0.0
1399,Staten Island,2018,07:00 - 07:59,1.2,0.0
1400,Staten Island,2018,08:00 - 08:59,1.3,0.0
1401,Staten Island,2018,09:00 - 09:59,1.1,0.0
1402,Staten Island,2018,10:00 - 10:59,1.5,0.0
1403,Staten Island,2018,11:00 - 11:59,1.2,0.0
1404,Staten Island,2018,12:00 - 12:59,1.3,0.0
1405,Staten Island,2018,13:00 - 13:59,1.3,0.0
1406,Staten Island,2018,14:00 - 14:59,1.5,0.0
1407,Staten Island,2018,15:00 - 15:59,1.3,0.0
1408,Staten Island,2018,16:00 - 16:59,1.4,0.0
1409,Staten Island,2018,17:00 - 17:59,1.2,0.0
1410,Staten Island,2018,18:00 - 18:59,1.4,0.0
1411,Staten Island,2018,19:00 - 19:59,1.5,0.0
1412,Staten Island,2018,20:00 - 20:59,1.5,0.0
1413,Staten Island,2018,21:00 - 21:59,1.3,0.0
1414,Staten Island,2018,22:00 - 22:59,1.5,0.0
1415,Staten Island,2018,23:00 - 23:59,1.3,0.0
1416,Staten Island,2019,00:00 - 00:59,1.3,0.0
1417,Staten Island,2019,01:00 - 01:59,1.3,0.0
1418,Staten Island,2019,02:00 - 02:59,1.3,0.0
1419,Staten Island,2019,03:00 - 03:59,1.2,0.0
1420,Staten Island,2019,04:00 - 04:59,1.0,0.0
1421,Staten Island,2019,05:00 - 05:59,1.4,0.0
1422,Staten Island,2019,06:00 - 06:59,1.3,0.0
1423,Staten Island,2019,07:00 - 07:59,1.3,0.0
1424,Staten Island,2019,08:00 - 08:59,1.4,0.0
1425,Staten Island,2019,09:00 - 09:59,1.7,0.0
1426,Staten Island,2019,10:00 - 10:59,1.4,0.0
1427,Staten Island,2019,11:00 - 11:59,1.3,0.0
1428,Staten Island,2019,12:00 - 12:59,1.2,0.0
1429,Staten Island,2019,13:00 - 13:59,1.4,0.0
1430,Staten Island,2019,14:00 - 14:59,1.5,0.0
1431,Staten Island,2019,15:00 - 15:59,1.3,0.0
1432,Staten Island,2019,16:00 - 16:59,1.4,0.0
1433,Staten Island,2019,17:00 - 17:59,1.4,0.0
1434,Staten Island,2019,18:00 - 18:59,1.4,0.0
1435,Staten Island,2019,19:00 - 19:59,1.4,0.0
1436,Staten Island,2019,20:00 - 20:59,1.4,0.0
1437,Staten Island,2019,21:00 - 21:59,1.6,0.0
1438,Staten Island,2019,22:00 - 22:59,1.4,0.0
1439,Staten Island,2019,23:00 - 23:59,1.4,0.0
1440,Staten Island,2020,00:00 - 00:59,1.5,0.0
1441,Staten Island,2020,01:00 - 01:59,1.6,0.0
1442,Staten Island,2020,02:00 - 02:59,1.0,0.0
1443,Staten Island,2020,03:00 - 03:59,1.4,0.0
1444,Staten Island,2020,04:00 - 04:59,1.0,0.0
1445,Staten Island,2020,05:00 - 05:59,1.1,0.0
1446,Staten Island,2020,06:00 - 06:59,1.4,0.0
1447,Staten Island,2020,07:00 - 07:59,1.2,0.0
1448,Staten Island,2020,08:00 - 08:59,1.2,0.0
1449,Staten Island,2020,09:00 - 09:59,1.2,0.0
1450,Staten Island,2020,10:00 - 10:59,1.2,0.0
1451,Staten Island,2020,11:00 - 11:59,1.3,0.0
1452,Staten Island,2020,12:00 - 12:59,1.2,0.0
1453,Staten Island,2020,13:00 - 13:59,1.4,0.0
1454,Staten Island,2020,14:00 - 14:59,1.4,0.0
1455,Staten Island,2020,15:00 - 15:59,1.6,0.0
1456,Staten Island,2020,16:00 - 16:59,1.3,0.0
1457,Staten Island,2020,17:00 - 17:59,1.2,0.0
1458,Staten Island,2020,18:00 - 18:59,1.5,0.0
1459,Staten Island,2020,19:00 - 19:59,1.5,0.0
1460,Staten Island,2020,20:00 - 20:59,1.4,0.0
1461,Staten Island,2020,21:00 - 21:59,1.6,0.0
1462,Staten Island,2020,22:00 - 22:59,1.7,0.0
1463,Staten Island,2020,23:00 - 23:59,1.5,0.0
1464,Staten Island,2021,00:00 - 00:59,1.7,0.0
1465,Staten Island,2021,01:00 - 01:59,1.2,0.0
1466,Staten Island,2021,02:00 - 02:59,1.2,0.0
1467,Staten Island,2021,03:00 - 03:59,1.3,0.0
1468,Staten Island,2021,04:00 - 04:59,1.3,0.0
1469,Staten Island,2021,05:00 - 05:59,1.1,0.0
1470,Staten Island,2021,06:00 - 06:59,1.1,0.1
1471,Staten Island,2021,07:00 - 07:59,1.2,0.0
1472,Staten Island,2021,08:00 - 08:59,1.2,0.0
1473,Staten Island,2021,09:00 - 09:59,1.4,0.0
1474,Staten Island,2021,10:00 - 10:59,1.2,0.0
1475,Staten Island,2021,11:00 - 11:59,1.3,0.0
1476,Staten Island,2021,12:00 - 12:59,1.4,0.0
1477,Staten Island,2021,13:00 - 13:59,1.4,0.0
1478,Staten Island,2021,14:00 - 14:59,1.6,0.0
1479,Staten Island,2021,15:00 - 15:59,1.3,0.0
1480,Staten Island,2021,16:00 - 16:59,1.4,0.0
1481,Staten Island,2021,17:00 - 17:59,1.5,0.0
1482,Staten Island,2021,18:00 - 18:59,1.2,0.0
1483,Staten Island,2021,19:00 - 19:59,1.3,0.0
1484,Staten Island,2021,20:00 - 20:59,1.2,0.0
1485,Staten Island,2021,21:00 - 21:59,1.4,0.0
1486,Staten Island,2021,22:00 - 22:59,1.5,0.0
1487,Staten Island,2021,23:00 - 23:59,1.9,0.0
1488,Staten Island,2022,00:00 - 00:59,1.3,0.0
1489,Staten Island,2022,01:00 - 01:59,1.3,0.0
1490,Staten Island,2022,02:00 - 02:59,1.3,0.0
1491,Staten Island,2022,03:00 - 03:59,1.5,0.0
1492,Staten Island,2022,04:00 - 04:59,1.2,0.0
1493,Staten Island,2022,05:00 - 05:59,1.1,0.0
1494,Staten Island,2022,06:00 - 06:59,1.3,0.0
1495,Staten Island,2022,07:00 - 07:59,1.3,0.0
1496,Staten Island,2022,08:00 - 08:59,1.3,0.0
1497,Staten Island,2022,09:00 - 09:59,1.3,0.0
1498,Staten Island,2022,10:00 - 10:59,1.6,0.0
1499,Staten Island,2022,11:00 - 11:59,1.3,0.0
1500,Staten Island,2022,12:00 - 12:59,1.3,0.0
1501,Staten Island,2022,13:00 - 13:59,1.3,0.0
1502,Staten Island,2022,14:00 - 14:59,1.3,0.0
1503,Staten Island,2022,15:00 - 15:59,1.4,0.0
1504,Staten Island,2022,16:00 - 16:59,1.4,0.0
1505,Staten Island,2022,17:00 - 17:59,1.3,0.0
1506,Staten Island,2022,18:00 - 18:59,1.4,0.0
1507,Staten Island,2022,19:00 - 19:59,1.2,0.0
1508,Staten Island,2022,20:00 - 20:59,1.3,0.1
1509,Staten Island,2022,21:00 - 21:59,1.4,0.0
1510,Staten Island,2022,22:00 - 22:59,1.5,0.0
1511,Staten Island,2022,23:00 - 23:59,1.7,0.0
1512,Staten Island,2023,00:00 - 00:59,1.3,0.0
1513,Staten Island,2023,01:00 - 01:59,1.7,0.0
1514,Staten Island,2023,02:00 - 02:59,1.2,0.0
1515,Staten Island,2023,03:00 - 03:59,1.1,0.0
1516,Staten Island,2023,04:00 - 04:59,1.1,0.0
1517,Staten Island,2023,05:00 - 05:59,1.5,0.0
1518,Staten Island,2023,06:00 - 06:59,1.3,0.0
1519,Staten Island,2023,07:00 - 07:59,1.2,0.0
1520,Staten Island,2023,08:00 - 08:59,1.3,0.0
1521,Staten Island,2023,09:00 - 09:59,1.2,0.0
1522,Staten Island,2023,10:00 - 10:59,1.4,0.0
1523,Staten Island,2023,11:00 - 11:59,1.2,0.0
1524,Staten Island,2023,12:00 - 12:59,1.5,0.0
1525,Staten Island,2023,13:00 - 13:59,1.2,0.0
1526,Staten Island,2023,14:00 - 14:59,1.2,0.0
1527,Staten Island,2023,15:00 - 15:59,1.3,0.0
1528,Staten Island,2023,16:00 - 16:59,1.3,0.0
1529,Staten Island,2023,17:00 - 17:59,1.5,0.0
1530,Staten Island,2023,18:00 - 18:59,1.4,0.0
1531,Staten Island,2023,19:00 - 19:59,1.3,0.0
1532,Staten Island,2023,20:00 - 20:59,1.7,0.0
1533,Staten Island,2023,21:00 - 21:59,1.6,0.0
1534,Staten Island,2023,22:00 - 22:59,1.4,0.0
1535,Staten Island,2023,23:00 - 23:59,1.3,0.0
1536,Staten Island,2024,00:00 - 00:59,1.3,0.0
1537,Staten Island,2024,01:00 - 01:59,1.0,0.0
1538,Staten Island,2024,02:00 - 02:59,1.2,0.0
1539,Staten Island,2024,03:00 - 03:59,1.5,0.0
1540,Staten Island,2024,04:00 - 04:59,1.2,0.0
1541,Staten Island,2024,05:00 - 05:59,1.0,0.0
1542,Staten Island,2024,06:00 - 06:59,1.3,0.0
1543,Staten Island,2024,07:00 - 07:59,1.3,0.0
1544,Staten Island,2024,08:00 - 08:59,1.3,0.0
1545,Staten Island,2024,09:00 - 09:59,1.2,0.0
1546,Staten Island,2024,10:00 - 10:59,1.3,0.0
1547,Staten Island,2024,11:00 - 11:59,1.3,0.0
1548,Staten Island,2024,12:00 - 12:59,1.4,0.0
1549,Staten Island,2024,13:00 - 13:59,1.4,0.0
1550,Staten Island,2024,14:00 - 14:59,1.4,0.0
1551,Staten Island,2024,15:00 - 15:59,1.2,0.0
1552,Staten Island,2024,16:00 - 16:59,1.3,0.0
1553,Staten Island,2024,17:00 - 17:59,1.3,0.0
1554,Staten Island,2024,18:00 - 18:59,1.3,0.0
1555,Staten Island,2024,19:00 - 19:59,1.3,0.0
1556,Staten Island,2024,20:00 - 20:59,1.5,0.0
1557,Staten Island,2024,21:00 - 21:59,1.4,0.0
1558,Staten Island,2024,22:00 - 22:59,1.3,0.0
1559,Staten Island,2024,23:00 - 23:59,1.6,0.0
